Workbook

Sheet README
A1: Indian Food Nutrition Database
A2: Calories, protein, carbs, fat, fibre, sugar and sodium for Indian dishes - per 100 g/ml and per Small / Medium / Large and Half / Full plate portion.
A4: What's inside
A5: Dish Database | B5: =COUNTA('Dish Database'!A2:A586)&" dishes, per 100 g/ml + portion sizes + kcal per portion (filter by category, region, veg/non-veg, meal type)" -> 585 dishes, per 100 g/ml + portion sizes + kcal per portion (filter by category, region, veg/non-veg, meal type)
A6: Portion Nutrition | B6: =COUNTA('Portion Nutrition'!A2:A2170)&" rows: every dish x every portion size, with all macros (best sheet for logging/importing)" -> 2169 rows: every dish x every portion size, with all macros (best sheet for logging/importing)
A7: Meal Combos & Thalis | B7: 32 ready-made meals (idli sambar, chole bhature, thalis, sadya...) built from the database - editable
A8: Portion Guide | B8: Exactly what Small / Medium / Large / Half / Full mean for each type of dish
A9: INDB Full Nutrients | B9: All 1014 recipes from the Indian Nutrient Databank (2024) with 35 nutrients incl. vitamins & minerals, plus quality flags
A11: Coverage
A12: Hot beverages, cold drinks & sharbat, all common fruit juices, vegetable juices, lassi (sweet, salted, mango...) & chaas, milkshakes, North & West breakfast, South Indian tiffin, breads, rice/pulao/khichdi, biryani, dals, veg gravies, dry sabzi, non-veg curries (chicken, mutton, fish, prawn, egg), veg & non-veg starters/kebabs, snacks & fritters, street food & chaat, Indo-Chinese, soups, raita/salad/curd, chutneys/pickles/papad, namkeen, mithai, kheer/halwa/ice cream, and add-ons (ghee, oil, sugar, butter...).
A14: How the numbers were built
A15: 1. Per-100 g values are for the dish AS SERVED (cooked, with typical oil/ghee/sugar). Drinks and soups are per 100 ml.
A16: 2. Energy is calculated from the macros with Atwater factors: 4 x protein + 4 x (carbs - fibre) + 9 x fat + 2 x fibre. Carbs are TOTAL carbs (net carbs = carbs - fibre).
A17: 3. Where the Indian Nutrient Databank (INDB, 2024; built on ICMR-NIN IFCT 2017) has the same dish and its value passed quality checks, the estimate was cross-checked against it ("Cross-check vs INDB" column). Within 20% = Confidence "High".
A18: 4. Juices, milk, eggs, rice, bread and add-ons use single-ingredient composition data (USDA FoodData Central / IFCT 2017). Fresh juices assume NO added sugar.
A19: 5. Other dishes are typical-recipe estimates compiled from standard ingredient composition data - Confidence "Medium". Real dishes vary by ±15-30% mainly with oil, ghee, cream and sugar.
A21: Important findings about INDB (why it is not copied blindly)
A22: Deep-fried recipes | B22: =COUNTIF('INDB Full Nutrients'!AL2:AL1015,"*Deep-frying*")&" INDB recipes appear to count the full frying oil (e.g. samosa ~577, pakora ~675, poori ~738 kcal/100 g). Realistic values are ~250-330." -> 113 INDB recipes appear to count the full frying oil (e.g. samosa ~577, pakora ~675, poori ~738 kcal/100 g). Realistic values are ~250-330.
A23: Whole-recipe servings | B23: =COUNTIF('INDB Full Nutrients'!AL2:AL1015,"*whole recipe*")&" INDB recipes list a 'serving' over 1,200 kcal - the serving is effectively the whole batch." -> 84 INDB recipes list a 'serving' over 1,200 kcal - the serving is effectively the whole batch.
A24: Weight basis | B24: Some INDB per-100 g values include cooking/boiling water (boiled egg 45 kcal/100 g) or exclude it (poha 295, plain dosa 381). INDB home-science recipes are also lighter than typical home/restaurant cooking.
A26: Quick adjustments
A27: +1 tsp oil or ghee = +45 kcal, +5 g fat | +1 tsp butter = +36 kcal | +1 tsp sugar = +20 kcal, +5 g carbs | +1 tbsp fresh cream = +37 kcal | Shop juices usually add 2-4 tsp sugar per glass.
A29: Colour legend
A30: Blue numbers = source inputs you can edit (per-100 g values, portion weights, combo quantities). Black = formulas; everything recalculates.
A32: Sources
A33: Vijayakumar et al. (2024) Development of an Indian Food Composition Database, Current Developments in Nutrition - https://www.ncbi.nlm.nih.gov/pmc/articles/PMC11277795/
A34: INDB data files (Indian-Nutrient-Databank-INDB-, GitHub, lindsayjaacks) - https://github.com/lindsayjaacks/Indian-Nutrient-Databank-INDB- | Anuvaad INDB portal - https://www.anuvaad.org.in/indian-nutrient-databank/
A35: Longvah T. et al. (2017) Indian Food Composition Tables (IFCT 2017), ICMR-National Institute of Nutrition, Hyderabad.
A36: USDA FoodData Central (juices, milk, eggs, bread, rice reference values).
A38: Disclaimer
A39: Estimates for everyday tracking, not lab analysis. For medical diets (diabetes, kidney disease, etc.) confirm with a registered dietitian. Sodium values are approximate - restaurant food is often saltier.
A41: Dishes per category
A42: Hot Beverages | B42: =COUNTIF('Dish Database'!D2:D586,A42) -> 15
A43: Cold Beverages & Sharbat | B43: =COUNTIF('Dish Database'!D2:D586,A43) -> 23
A44: Fruit Juices | B44: =COUNTIF('Dish Database'!D2:D586,A44) -> 23
A45: Vegetable Juices | B45: =COUNTIF('Dish Database'!D2:D586,A45) -> 10
A46: Lassi & Buttermilk | B46: =COUNTIF('Dish Database'!D2:D586,A46) -> 10
A47: Milkshakes & Milk | B47: =COUNTIF('Dish Database'!D2:D586,A47) -> 12
A48: Breakfast - North & West | B48: =COUNTIF('Dish Database'!D2:D586,A48) -> 44
A49: Breakfast - South | B49: =COUNTIF('Dish Database'!D2:D586,A49) -> 36
A50: Breads | B50: =COUNTIF('Dish Database'!D2:D586,A50) -> 25
A51: Rice, Pulao & Khichdi | B51: =COUNTIF('Dish Database'!D2:D586,A51) -> 17
A52: Biryani | B52: =COUNTIF('Dish Database'!D2:D586,A52) -> 13
A53: Dal & Legumes | B53: =COUNTIF('Dish Database'!D2:D586,A53) -> 31
A54: Veg Curries (Gravy) | B54: =COUNTIF('Dish Database'!D2:D586,A54) -> 34
A55: Veg Dry Sabzi | B55: =COUNTIF('Dish Database'!D2:D586,A55) -> 21
A56: Non-Veg Curries | B56: =COUNTIF('Dish Database'!D2:D586,A56) -> 40
A57: Egg Dishes | B57: =COUNTIF('Dish Database'!D2:D586,A57) -> 6
A58: Veg Starters | B58: =COUNTIF('Dish Database'!D2:D586,A58) -> 16
A59: Non-Veg Starters & Kebabs | B59: =COUNTIF('Dish Database'!D2:D586,A59) -> 23
A60: Snacks & Fritters | B60: =COUNTIF('Dish Database'!D2:D586,A60) -> 17
A61: Street Food & Chaat | B61: =COUNTIF('Dish Database'!D2:D586,A61) -> 28
A62: Indo-Chinese | B62: =COUNTIF('Dish Database'!D2:D586,A62) -> 20
A63: Soups | B63: =COUNTIF('Dish Database'!D2:D586,A63) -> 15
A64: Raita, Salad & Curd | B64: =COUNTIF('Dish Database'!D2:D586,A64) -> 12
A65: Chutneys, Pickles & Papad | B65: =COUNTIF('Dish Database'!D2:D586,A65) -> 12
A66: Namkeen & Dry Snacks | B66: =COUNTIF('Dish Database'!D2:D586,A66) -> 13
A67: Sweets (Mithai) | B67: =COUNTIF('Dish Database'!D2:D586,A67) -> 37
A68: Desserts (Kheer, Halwa, Ice Cream) | B68: =COUNTIF('Dish Database'!D2:D586,A68) -> 23
A69: Basics & Add-ons | B69: =COUNTIF('Dish Database'!D2:D586,A69) -> 9

Sheet Dish Database
A1: ID | B1: Dish | C1: Also known as | D1: Category | E1: Region | F1: Veg / Egg / Non-Veg | G1: Vegan | H1: Meal type | I1: Unit | J1: Energy (kcal) per 100 | K1: Protein (g) per 100 | L1: Carbs (g) per 100 | M1: Fat (g) per 100 | N1: Fibre (g) per 100 | O1: Sugar (g) per 100 | P1: Sodium (mg) per 100 | Q1: Small (g/ml) | R1: Medium (g/ml) | S1: Large (g/ml) | T1: Half plate (g) | U1: Full plate (g) | V1: kcal - Small | W1: kcal - Medium | X1: kcal - Large | Y1: kcal - Half plate | Z1: kcal - Full plate | AA1: Confidence | AB1: Basis | AC1: INDB code | AD1: INDB kcal per 100 | AE1: Cross-check vs INDB | AF1: Notes
A2: D001 | B2: Masala chai (milk + sugar) | C2: Tea, adrak chai, chai | D2: Hot Beverages | E2: Pan-India | F2: Veg | H2: Beverage | I2: ml | J2: =4*K2+4*(L2-N2)+9*M2+2*N2 -> 55.5 | K2: 1.6 | L2: 8.9 | M2: 1.5 | N2: 0 | O2: 8.9 | P2: 22 | Q2: 75 | R2: 150 | S2: 250 | V2: =IF(Q2="","",J2*Q2/100) -> 41.625 | W2: =IF(R2="","",J2*R2/100) -> 83.25 | X2: =IF(S2="","",J2*S2/100) -> 138.75 | Y2: =IF(T2="","",J2*T2/100) | Z2: =IF(U2="","",J2*U2/100) | AA2: Medium | AB2: Typical-recipe estimate (IFCT 2017 / USDA FDC ingredient data) | AC2: ASC001 | AD2: =IF(AC2="","",IFERROR(INDEX('INDB Full Nutrients'!$D:$D,MATCH(AC2,'INDB Full Nutrients'!$A:$A,0)),"")) -> 16.144299 | AE2: INDB 16 kcal/100 g (+244%) - INDB lower: lighter/thinner recipe, or cooking water counted in weight | AF2: INDB recipe has no added sugar; this assumes ~2 tsp sugar per 150 ml cup, toned milk ~50%
A3: D002 | B3: Tea with milk, no sugar | C3: Chai without sugar | D3: Hot Beverages | E3: Pan-India | F3: Veg | H3: Beverage | I3: ml | J3: =4*K3+4*(L3-N3)+9*M3+2*N3 -> 29.5 | K3: 1.6 | L3: 2.4 | M3: 1.5 | N3: 0 | O3: 2.4 | P3: 22 | Q3: 75 | R3: 150 | S3: 250 | V3: =IF(Q3="","",J3*Q3/100) -> 22.125 | W3: =IF(R3="","",J3*R3/100) -> 44.25 | X3: =IF(S3="","",J3*S3/100) -> 73.75 | Y3: =IF(T3="","",J3*T3/100) | Z3: =IF(U3="","",J3*U3/100) | AA3: Medium | AB3: Typical-recipe estimate (IFCT 2017 / USDA FDC ingredient data) | AD3: =IF(AC3="","",IFERROR(INDEX('INDB Full Nutrients'!$D:$D,MATCH(AC3,'INDB Full Nutrients'!$A:$A,0)),""))
A4: D003 | B4: Cutting chai (strong, extra milk & sugar) | C4: Tapri chai | D4: Hot Beverages | E4: West | F4: Veg | H4: Beverage | I4: ml | J4: =4*K4+4*(L4-N4)+9*M4+2*N4 -> 68 | K4: 2 | L4: 10.5 | M4: 2 | N4: 0 | O4: 10.5 | P4: 28 | Q4: 75 | R4: 150 | S4: 250 | V4: =IF(Q4="","",J4*Q4/100) -> 51 | W4: =IF(R4="","",J4*R4/100) -> 102 | X4: =IF(S4="","",J4*S4/100) -> 170 | Y4: =IF(T4="","",J4*T4/100) | Z4: =IF(U4="","",J4*U4/100) | AA4: Medium | AB4: Typical-recipe estimate (IFCT 2017 / USDA FDC ingredient data) | AD4: =IF(AC4="","",IFERROR(INDEX('INDB Full Nutrients'!$D:$D,MATCH(AC4,'INDB Full Nutrients'!$A:$A,0)),"")) | AF4: Street style
A5: D004 | B5: Irani chai | C5: Hyderabadi Irani chai | D5: Hot Beverages | E5: South | F5: Veg | H5: Beverage | I5: ml | J5: =4*K5+4*(L5-N5)+9*M5+2*N5 -> 85 | K5: 2.5 | L5: 12 | M5: 3 | N5: 0 | O5: 12 | P5: 35 | Q5: 75 | R5: 150 | S5: 250 | V5: =IF(Q5="","",J5*Q5/100) -> 63.75 | W5: =IF(R5="","",J5*R5/100) -> 127.5 | X5: =IF(S5="","",J5*S5/100) -> 212.5 | Y5: =IF(T5="","",J5*T5/100) | Z5: =IF(U5="","",J5*U5/100) | AA5: Medium | AB5: Typical-recipe estimate (IFCT 2017 / USDA FDC ingredient data) | AD5: =IF(AC5="","",IFERROR(INDEX('INDB Full Nutrients'!$D:$D,MATCH(AC5,'INDB Full Nutrients'!$A:$A,0)),"")) | AF5: Made with khoa/condensed milk
A6: D005 | B6: Black tea, no sugar | C6: Kali chai, lal chai | D6: Hot Beverages | E6: Pan-India | F6: Veg | G6: Yes | H6: Beverage | I6: ml | J6: =4*K6+4*(L6-N6)+9*M6+2*N6 -> 1.2 | K6: 0 | L6: 0.3 | M6: 0 | N6: 0 | O6: 0 | P6: 3 | Q6: 75 | R6: 150 | S6: 250 | V6: =IF(Q6="","",J6*Q6/100) -> 0.9 | W6: =IF(R6="","",J6*R6/100) -> 1.8 | X6: =IF(S6="","",J6*S6/100) -> 3 | Y6: =IF(T6="","",J6*T6/100) | Z6: =IF(U6="","",J6*U6/100) | AA6: High | AB6: Ingredient composition data (USDA FDC / IFCT 2017) | AD6: =IF(AC6="","",IFERROR(INDEX('INDB Full Nutrients'!$D:$D,MATCH(AC6,'INDB Full Nutrients'!$A:$A,0)),""))
A7: D006 | B7: Lemon tea with sugar | C7: Nimbu chai | D7: Hot Beverages | E7: Pan-India | F7: Veg | G7: Yes | H7: Beverage | I7: ml | J7: =4*K7+4*(L7-N7)+9*M7+2*N7 -> 20 | K7: 0 | L7: 5 | M7: 0 | N7: 0 | O7: 5 | P7: 3 | Q7: 75 | R7: 150 | S7: 250 | V7: =IF(Q7="","",J7*Q7/100) -> 15 | W7: =IF(R7="","",J7*R7/100) -> 30 | X7: =IF(S7="","",J7*S7/100) -> 50 | Y7: =IF(T7="","",J7*T7/100) | Z7: =IF(U7="","",J7*U7/100) | AA7: Medium | AB7: Typical-recipe estimate (IFCT 2017 / USDA FDC ingredient data) | AD7: =IF(AC7="","",IFERROR(INDEX('INDB Full Nutrients'!$D:$D,MATCH(AC7,'INDB Full Nutrients'!$A:$A,0)),""))
A8: D007 | B8: Green tea, no sugar | D8: Hot Beverages | E8: Pan-India | F8: Veg | G8: Yes | H8: Beverage | I8: ml | J8: =4*K8+4*(L8-N8)+9*M8+2*N8 -> 0.8 | K8: 0.2 | L8: 0 | M8: 0 | N8: 0 | O8: 0 | P8: 1 | Q8: 75 | R8: 150 | S8: 250 | V8: =IF(Q8="","",J8*Q8/100) -> 0.6 | W8: =IF(R8="","",J8*R8/100) -> 1.2 | X8: =IF(S8="","",J8*S8/100) -> 2 | Y8: =IF(T8="","",J8*T8/100) | Z8: =IF(U8="","",J8*U8/100) | AA8: High | AB8: Ingredient composition data (USDA FDC / IFCT 2017) | AD8: =IF(AC8="","",IFERROR(INDEX('INDB Full Nutrients'!$D:$D,MATCH(AC8,'INDB Full Nutrients'!$A:$A,0)),""))
A9: D008 | B9: South Indian filter coffee (milk + sugar) | C9: Kaapi, degree coffee | D9: Hot Beverages | E9: South | F9: Veg | H9: Beverage | I9: ml | J9: =4*K9+4*(L9-N9)+9*M9+2*N9 -> 70.9 | K9: 2.6 | L9: 9.5 | M9: 2.5 | N9: 0 | O9: 9.5 | P9: 35 | Q9: 75 | R9: 150 | S9: 250 | V9: =IF(Q9="","",J9*Q9/100) -> 53.175 | W9: =IF(R9="","",J9*R9/100) -> 106.35 | X9: =IF(S9="","",J9*S9/100) -> 177.25 | Y9: =IF(T9="","",J9*T9/100) | Z9: =IF(U9="","",J9*U9/100) | AA9: Medium | AB9: Typical-recipe estimate (IFCT 2017 / USDA FDC ingredient data) | AD9: =IF(AC9="","",IFERROR(INDEX('INDB Full Nutrients'!$D:$D,MATCH(AC9,'INDB Full Nutrients'!$A:$A,0)),"")) | AF9: Mostly milk, ~2 tsp sugar per 150 ml
A10: D009 | B10: Instant coffee with milk & sugar | C10: Nescafe/Bru coffee | D10: Hot Beverages | E10: Pan-India | F10: Veg | H10: Beverage | I10: ml | J10: =4*K10+4*(L10-N10)+9*M10+2*N10 -> 74.4 | K10: 2.8 | L10: 9.5 | M10: 2.8 | N10: 0 | O10: 9.5 | P10: 40 | Q10: 75 | R10: 150 | S10: 250 | V10: =IF(Q10="","",J10*Q10/100) -> 55.8 | W10: =IF(R10="","",J10*R10/100) -> 111.6 | X10: =IF(S10="","",J10*S10/100) -> 186 | Y10: =IF(T10="","",J10*T10/100) | Z10: =IF(U10="","",J10*U10/100) | AA10: Medium | AB10: Typical-recipe estimate (IFCT 2017 / USDA FDC ingredient data) | AC10: ASC002 | AD10: =IF(AC10="","",IFERROR(INDEX('INDB Full Nutrients'!$D:$D,MATCH(AC10,'INDB Full Nutrients'!$A:$A,0)),"")) -> 23.155832 | AE10: INDB 23 kcal/100 g (+221%) - INDB lower: lighter/thinner recipe, or cooking water counted in weight
A11: D010 | B11: Black coffee, no sugar | C11: Americano | D11: Hot Beverages | E11: Pan-India | F11: Veg | G11: Yes | H11: Beverage | I11: ml | J11: =4*K11+4*(L11-N11)+9*M11+2*N11 -> 0.8 | K11: 0.1 | L11: 0.1 | M11: 0 | N11: 0 | O11: 0 | P11: 2 | Q11: 75 | R11: 150 | S11: 250 | V11: =IF(Q11="","",J11*Q11/100) -> 0.6 | W11: =IF(R11="","",J11*R11/100) -> 1.2 | X11: =IF(S11="","",J11*S11/100) -> 2 | Y11: =IF(T11="","",J11*T11/100) | Z11: =IF(U11="","",J11*U11/100) | AA11: High | AB11: Ingredient composition data (USDA FDC / IFCT 2017) | AD11: =IF(AC11="","",IFERROR(INDEX('INDB Full Nutrients'!$D:$D,MATCH(AC11,'INDB Full Nutrients'!$A:$A,0)),""))
A12: D011 | B12: Hot chocolate / cocoa milk | C12: Bournvita/Horlicks style malted milk | D12: Hot Beverages | E12: Pan-India | F12: Veg | H12: Beverage | I12: ml | J12: =4*K12+4*(L12-N12)+9*M12+2*N12 -> 93.1 | K12: 3.2 | L12: 12.5 | M12: 3.5 | N12: 0.6 | O12: 11 | P12: 50 | Q12: 75 | R12: 150 | S12: 250 | V12: =IF(Q12="","",J12*Q12/100) -> 69.825 | W12: =IF(R12="","",J12*R12/100) -> 139.65 | X12: =IF(S12="","",J12*S12/100) -> 232.75 | Y12: =IF(T12="","",J12*T12/100) | Z12: =IF(U12="","",J12*U12/100) | AA12: High | AB12: Agrees with INDB 2024 standard recipe (within 20%) | AC12: BFP011 | AD12: =IF(AC12="","",IFERROR(INDEX('INDB Full Nutrients'!$D:$D,MATCH(AC12,'INDB Full Nutrients'!$A:$A,0)),"")) -> 90.005775 | AE12: INDB 90 kcal/100 g (+3%)
A13: D012 | B13: Haldi doodh (turmeric milk) | C13: Golden milk | D13: Hot Beverages | E13: Pan-India | F13: Veg | H13: Beverage | I13: ml | J13: =4*K13+4*(L13-N13)+9*M13+2*N13 -> 73.4 | K13: 3.2 | L13: 7.5 | M13: 3.4 | N13: 0 | O13: 7.3 | P13: 43 | Q13: 150 | R13: 200 | S13: 300 | V13: =IF(Q13="","",J13*Q13/100) -> 110.1 | W13: =IF(R13="","",J13*R13/100) -> 146.8 | X13: =IF(S13="","",J13*S13/100) -> 220.2 | Y13: =IF(T13="","",J13*T13/100) | Z13: =IF(U13="","",J13*U13/100) | AA13: Medium | AB13: Typical-recipe estimate (IFCT 2017 / USDA FDC ingredient data) | AD13: =IF(AC13="","",IFERROR(INDEX('INDB Full Nutrients'!$D:$D,MATCH(AC13,'INDB Full Nutrients'!$A:$A,0)),"")) | AF13: Whole milk, little sugar/jaggery
A14: D013 | B14: Badam milk (hot or cold) | C14: Almond milk drink | D14: Hot Beverages | E14: South | F14: Veg | H14: Beverage | I14: ml | J14: =4*K14+4*(L14-N14)+9*M14+2*N14 -> 102.9 | K14: 3.8 | L14: 12 | M14: 4.5 | N14: 0.4 | O14: 11.5 | P14: 42 | Q14: 150 | R14: 200 | S14: 300 | V14: =IF(Q14="","",J14*Q14/100) -> 154.35 | W14: =IF(R14="","",J14*R14/100) -> 205.8 | X14: =IF(S14="","",J14*S14/100) -> 308.7 | Y14: =IF(T14="","",J14*T14/100) | Z14: =IF(U14="","",J14*U14/100) | AA14: Medium | AB14: Typical-recipe estimate (IFCT 2017 / USDA FDC ingredient data) | AD14: =IF(AC14="","",IFERROR(INDEX('INDB Full Nutrients'!$D:$D,MATCH(AC14,'INDB Full Nutrients'!$A:$A,0)),"")) | AF14: With sugar and ground almonds
A15: D014 | B15: Kesar doodh (saffron milk) | C15: Kesariya doodh | D15: Hot Beverages | E15: North | F15: Veg | H15: Beverage | I15: ml | J15: =4*K15+4*(L15-N15)+9*M15+2*N15 -> 84.7 | K15: 3.3 | L15: 10 | M15: 3.5 | N15: 0 | O15: 9.5 | P15: 42 | Q15: 150 | R15: 200 | S15: 300 | V15: =IF(Q15="","",J15*Q15/100) -> 127.05 | W15: =IF(R15="","",J15*R15/100) -> 169.4 | X15: =IF(S15="","",J15*S15/100) -> 254.1 | Y15: =IF(T15="","",J15*T15/100) | Z15: =IF(U15="","",J15*U15/100) | AA15: High | AB15: Agrees with INDB 2024 standard recipe (within 20%) | AC15: OSR010 | AD15: =IF(AC15="","",IFERROR(INDEX('INDB Full Nutrients'!$D:$D,MATCH(AC15,'INDB Full Nutrients'!$A:$A,0)),"")) -> 102.18104 | AE15: INDB 102 kcal/100 g (-17%)
A16: D015 | B16: Kashmiri kahwa | C16: Kehwa | D16: Hot Beverages | E16: North | F16: Veg | G16: Yes | H16: Beverage | I16: ml | J16: =4*K16+4*(L16-N16)+9*M16+2*N16 -> 26.2 | K16: 0.3 | L16: 4.5 | M16: 0.8 | N16: 0.1 | O16: 4.2 | P16: 3 | Q16: 75 | R16: 150 | S16: 250 | V16: =IF(Q16="","",J16*Q16/100) -> 19.65 | W16: =IF(R16="","",J16*R16/100) -> 39.3 | X16: =IF(S16="","",J16*S16/100) -> 65.5 | Y16: =IF(T16="","",J16*T16/100) | Z16: =IF(U16="","",J16*U16/100) | AA16: High | AB16: Agrees with INDB 2024 standard recipe (within 20%) | AC16: BFP007 | AD16: =IF(AC16="","",IFERROR(INDEX('INDB Full Nutrients'!$D:$D,MATCH(AC16,'INDB Full Nutrients'!$A:$A,0)),"")) -> 24.903666 | AE16: INDB 25 kcal/100 g (+5%) | AF16: With sugar/honey and almond slivers
A17: D016 | B17: Nimbu pani - sweet | C17: Lemonade, shikanji (sweet) | D17: Cold Beverages & Sharbat | E17: Pan-India | F17: Veg | G17: Yes | H17: Beverage | I17: ml | J17: =4*K17+4*(L17-N17)+9*M17+2*N17 -> 26.3 | K17: 0.1 | L17: 6.5 | M17: 0 | N17: 0.05 | O17: 6.2 | P17: 5 | Q17: 150 | R17: 250 | S17: 350 | V17: =IF(Q17="","",J17*Q17/100) -> 39.45 | W17: =IF(R17="","",J17*R17/100) -> 65.75 | X17: =IF(S17="","",J17*S17/100) -> 92.05 | Y17: =IF(T17="","",J17*T17/100) | Z17: =IF(U17="","",J17*U17/100) | AA17: Medium | AB17: Typical-recipe estimate (IFCT 2017 / USDA FDC ingredient data) | AC17: ASC008 | AD17: =IF(AC17="","",IFERROR(INDEX('INDB Full Nutrients'!$D:$D,MATCH(AC17,'INDB Full Nutrients'!$A:$A,0)),"")) -> 20.798983 | AE17: INDB 21 kcal/100 g (+26%) - INDB lower: lighter/thinner recipe, or cooking water counted in weight
A18: D017 | B18: Nimbu pani - sweet & salty | C18: Shikanji, masala lemonade | D18: Cold Beverages & Sharbat | E18: North | F18: Veg | G18: Yes | H18: Beverage | I18: ml | J18: =4*K18+4*(L18-N18)+9*M18+2*N18 -> 22.3 | K18: 0.1 | L18: 5.5 | M18: 0 | N18: 0.05 | O18: 5.2 | P18: 150 | Q18: 150 | R18: 250 | S18: 350 | V18: =IF(Q18="","",J18*Q18/100) -> 33.45 | W18: =IF(R18="","",J18*R18/100) -> 55.75 | X18: =IF(S18="","",J18*S18/100) -> 78.05 | Y18: =IF(T18="","",J18*T18/100) | Z18: =IF(U18="","",J18*U18/100) | AA18: Medium | AB18: Typical-recipe estimate (IFCT 2017 / USDA FDC ingredient data) | AD18: =IF(AC18="","",IFERROR(INDEX('INDB Full Nutrients'!$D:$D,MATCH(AC18,'INDB Full Nutrients'!$A:$A,0)),""))
A19: D018 | B19: Nimbu pani - salted, no sugar | C19: Salted lemon water | D19: Cold Beverages & Sharbat | E19: Pan-India | F19: Veg | G19: Yes | H19: Beverage | I19: ml | J19: =4*K19+4*(L19-N19)+9*M19+2*N19 -> 3.5 | K19: 0.1 | L19: 0.8 | M19: 0 | N19: 0.05 | O19: 0.3 | P19: 200 | Q19: 150 | R19: 250 | S19: 350 | V19: =IF(Q19="","",J19*Q19/100) -> 5.25 | W19: =IF(R19="","",J19*R19/100) -> 8.75 | X19: =IF(S19="","",J19*S19/100) -> 12.25 | Y19: =IF(T19="","",J19*T19/100) | Z19: =IF(U19="","",J19*U19/100) | AA19: Medium | AB19: Typical-recipe estimate (IFCT 2017 / USDA FDC ingredient data) | AD19: =IF(AC19="","",IFERROR(INDEX('INDB Full Nutrients'!$D:$D,MATCH(AC19,'INDB Full Nutrients'!$A:$A,0)),""))
A20: D019 | B20: Lemon soda (sweet) | C20: Fresh lime soda sweet | D20: Cold Beverages & Sharbat | E20: Pan-India | F20: Veg | G20: Yes | H20: Beverage | I20: ml | J20: =4*K20+4*(L20-N20)+9*M20+2*N20 -> 28.4 | K20: 0.1 | L20: 7 | M20: 0 | N20: 0 | O20: 6.8 | P20: 50 | Q20: 150 | R20: 250 | S20: 350 | V20: =IF(Q20="","",J20*Q20/100) -> 42.6 | W20: =IF(R20="","",J20*R20/100) -> 71 | X20: =IF(S20="","",J20*S20/100) -> 99.4 | Y20: =IF(T20="","",J20*T20/100) | Z20: =IF(U20="","",J20*U20/100) | AA20: Medium | AB20: Typical-recipe estimate (IFCT 2017 / USDA FDC ingredient data) | AD20: =IF(AC20="","",IFERROR(INDEX('INDB Full Nutrients'!$D:$D,MATCH(AC20,'INDB Full Nutrients'!$A:$A,0)),""))
A21: D020 | B21: Jaljeera | C21: Jal jeera | D21: Cold Beverages & Sharbat | E21: North | F21: Veg | G21: Yes | H21: Beverage | I21: ml | J21: =4*K21+4*(L21-N21)+9*M21+2*N21 -> 25.5 | K21: 0.2 | L21: 6 | M21: 0.1 | N21: 0.1 | O21: 5 | P21: 300 | Q21: 150 | R21: 250 | S21: 350 | V21: =IF(Q21="","",J21*Q21/100) -> 38.25 | W21: =IF(R21="","",J21*R21/100) -> 63.75 | X21: =IF(S21="","",J21*S21/100) -> 89.25 | Y21: =IF(T21="","",J21*T21/100) | Z21: =IF(U21="","",J21*U21/100) | AA21: High | AB21: Agrees with INDB 2024 standard recipe (within 20%) | AC21: BFP024 | AD21: =IF(AC21="","",IFERROR(INDEX('INDB Full Nutrients'!$D:$D,MATCH(AC21,'INDB Full Nutrients'!$A:$A,0)),"")) -> 30.240807 | AE21: INDB 30 kcal/100 g (-16%)
A22: D021 | B22: Aam panna | C22: Raw mango drink | D22: Cold Beverages & Sharbat | E22: North | F22: Veg | G22: Yes | H22: Beverage | I22: ml | J22: =4*K22+4*(L22-N22)+9*M22+2*N22 -> 40.2 | K22: 0.2 | L22: 10 | M22: 0 | N22: 0.3 | O22: 8.5 | P22: 120 | Q22: 150 | R22: 250 | S22: 350 | V22: =IF(Q22="","",J22*Q22/100) -> 60.3 | W22: =IF(R22="","",J22*R22/100) -> 100.5 | X22: =IF(S22="","",J22*S22/100) -> 140.7 | Y22: =IF(T22="","",J22*T22/100) | Z22: =IF(U22="","",J22*U22/100) | AA22: High | AB22: Agrees with INDB 2024 standard recipe (within 20%) | AC22: ASC005 | AD22: =IF(AC22="","",IFERROR(INDEX('INDB Full Nutrients'!$D:$D,MATCH(AC22,'INDB Full Nutrients'!$A:$A,0)),"")) -> 35.918221 | AE22: INDB 36 kcal/100 g (+12%)
A23: D022 | B23: Kokum sharbat | C23: Kokum juice | D23: Cold Beverages & Sharbat | E23: West | F23: Veg | G23: Yes | H23: Beverage | I23: ml | J23: =4*K23+4*(L23-N23)+9*M23+2*N23 -> 44.4 | K23: 0.1 | L23: 11 | M23: 0 | N23: 0 | O23: 10.5 | P23: 60 | Q23: 150 | R23: 250 | S23: 350 | V23: =IF(Q23="","",J23*Q23/100) -> 66.6 | W23: =IF(R23="","",J23*R23/100) -> 111 | X23: =IF(S23="","",J23*S23/100) -> 155.4 | Y23: =IF(T23="","",J23*T23/100) | Z23: =IF(U23="","",J23*U23/100) | AA23: Medium | AB23: Typical-recipe estimate (IFCT 2017 / USDA FDC ingredient data) | AD23: =IF(AC23="","",IFERROR(INDEX('INDB Full Nutrients'!$D:$D,MATCH(AC23,'INDB Full Nutrients'!$A:$A,0)),""))
A24: D023 | B24: Bael sharbat | C24: Wood apple sharbat | D24: Cold Beverages & Sharbat | E24: North | F24: Veg | G24: Yes | H24: Beverage | I24: ml | J24: =4*K24+4*(L24-N24)+9*M24+2*N24 -> 37.7 | K24: 0.6 | L24: 9 | M24: 0.1 | N24: 0.8 | O24: 8 | P24: 5 | Q24: 150 | R24: 250 | S24: 350 | V24: =IF(Q24="","",J24*Q24/100) -> 56.55 | W24: =IF(R24="","",J24*R24/100) -> 94.25 | X24: =IF(S24="","",J24*S24/100) -> 131.95 | Y24: =IF(T24="","",J24*T24/100) | Z24: =IF(U24="","",J24*U24/100) | AA24: High | AB24: Agrees with INDB 2024 standard recipe (within 20%) | AC24: OSR001 | AD24: =IF(AC24="","",IFERROR(INDEX('INDB Full Nutrients'!$D:$D,MATCH(AC24,'INDB Full Nutrients'!$A:$A,0)),"")) -> 34.176884 | AE24: INDB 34 kcal/100 g (+10%)
A25: D024 | B25: Sattu sharbat (salted) | C25: Sattu drink | D25: Cold Beverages & Sharbat | E25: East | F25: Veg | G25: Yes | H25: Beverage | I25: ml | J25: =4*K25+4*(L25-N25)+9*M25+2*N25 -> 37.4 | K25: 2.2 | L25: 6.5 | M25: 0.6 | N25: 1.4 | O25: 0.5 | P25: 150 | Q25: 150 | R25: 250 | S25: 350 | V25: =IF(Q25="","",J25*Q25/100) -> 56.1 | W25: =IF(R25="","",J25*R25/100) -> 93.5 | X25: =IF(S25="","",J25*S25/100) -> 130.9 | Y25: =IF(T25="","",J25*T25/100) | Z25: =IF(U25="","",J25*U25/100) | AA25: Medium | AB25: Typical-recipe estimate (IFCT 2017 / USDA FDC ingredient data) | AC25: OSR002 | AD25: =IF(AC25="","",IFERROR(INDEX('INDB Full Nutrients'!$D:$D,MATCH(AC25,'INDB Full Nutrients'!$A:$A,0)),"")) -> 23.377426 | AE25: INDB 23 kcal/100 g (+60%) - INDB lower: lighter/thinner recipe, or cooking water counted in weight | AF25: ~2 tbsp sattu per glass
A26: D025 | B26: Rose sharbat / Rooh Afza (with water) | C26: Gulab sharbat | D26: Cold Beverages & Sharbat | E26: Pan-India | F26: Veg | G26: Yes | H26: Beverage | I26: ml | J26: =4*K26+4*(L26-N26)+9*M26+2*N26 -> 36 | K26: 0 | L26: 9 | M26: 0 | N26: 0 | O26: 9 | P26: 3 | Q26: 150 | R26: 250 | S26: 350 | V26: =IF(Q26="","",J26*Q26/100) -> 54 | W26: =IF(R26="","",J26*R26/100) -> 90 | X26: =IF(S26="","",J26*S26/100) -> 126 | Y26: =IF(T26="","",J26*T26/100) | Z26: =IF(U26="","",J26*U26/100) | AA26: Medium | AB26: Typical-recipe estimate (IFCT 2017 / USDA FDC ingredient data) | AD26: =IF(AC26="","",IFERROR(INDEX('INDB Full Nutrients'!$D:$D,MATCH(AC26,'INDB Full Nutrients'!$A:$A,0)),""))
A27: D026 | B27: Rooh Afza milk | C27: Rose milk (Rooh Afza) | D27: Cold Beverages & Sharbat | E27: North | F27: Veg | H27: Beverage | I27: ml | J27: =4*K27+4*(L27-N27)+9*M27+2*N27 -> 89 | K27: 3 | L27: 12.5 | M27: 3 | N27: 0 | O27: 12.5 | P27: 42 | Q27: 200 | R27: 300 | S27: 400 | V27: =IF(Q27="","",J27*Q27/100) -> 178 | W27: =IF(R27="","",J27*R27/100) -> 267 | X27: =IF(S27="","",J27*S27/100) -> 356 | Y27: =IF(T27="","",J27*T27/100) | Z27: =IF(U27="","",J27*U27/100) | AA27: Medium | AB27: Typical-recipe estimate (IFCT 2017 / USDA FDC ingredient data) | AD27: =IF(AC27="","",IFERROR(INDEX('INDB Full Nutrients'!$D:$D,MATCH(AC27,'INDB Full Nutrients'!$A:$A,0)),""))
A28: D027 | B28: Nannari sharbat | C28: Sarsaparilla sharbat | D28: Cold Beverages & Sharbat | E28: South | F28: Veg | G28: Yes | H28: Beverage | I28: ml | J28: =4*K28+4*(L28-N28)+9*M28+2*N28 -> 40 | K28: 0 | L28: 10 | M28: 0 | N28: 0 | O28: 10 | P28: 5 | Q28: 150 | R28: 250 | S28: 350 | V28: =IF(Q28="","",J28*Q28/100) -> 60 | W28: =IF(R28="","",J28*R28/100) -> 100 | X28: =IF(S28="","",J28*S28/100) -> 140 | Y28: =IF(T28="","",J28*T28/100) | Z28: =IF(U28="","",J28*U28/100) | AA28: Medium | AB28: Typical-recipe estimate (IFCT 2017 / USDA FDC ingredient data) | AC28: OSR008 | AD28: =IF(AC28="","",IFERROR(INDEX('INDB Full Nutrients'!$D:$D,MATCH(AC28,'INDB Full Nutrients'!$A:$A,0)),"")) -> 88.789841 | AE28: INDB 89 kcal/100 g (-55%) - INDB higher: cooking water likely not counted in weight, or more oil
A29: D028 | B29: Sol kadhi | C29: Kokum coconut milk drink | D29: Cold Beverages & Sharbat | E29: West | F29: Veg | G29: Yes | H29: Beverage | I29: ml | J29: =4*K29+4*(L29-N29)+9*M29+2*N29 -> 51.8 | K29: 0.6 | L29: 3.5 | M29: 4 | N29: 0.3 | O29: 2 | P29: 200 | Q29: 150 | R29: 250 | S29: 350 | V29: =IF(Q29="","",J29*Q29/100) -> 77.7 | W29: =IF(R29="","",J29*R29/100) -> 129.5 | X29: =IF(S29="","",J29*S29/100) -> 181.3 | Y29: =IF(T29="","",J29*T29/100) | Z29: =IF(U29="","",J29*U29/100) | AA29: Medium | AB29: Typical-recipe estimate (IFCT 2017 / USDA FDC ingredient data) | AD29: =IF(AC29="","",IFERROR(INDEX('INDB Full Nutrients'!$D:$D,MATCH(AC29,'INDB Full Nutrients'!$A:$A,0)),""))
A30: D029 | B30: Coconut water (tender coconut) | C30: Nariyal pani, elaneer | D30: Cold Beverages & Sharbat | E30: Pan-India | F30: Veg | G30: Yes | H30: Beverage | I30: ml | J30: =4*K30+4*(L30-N30)+9*M30+2*N30 -> 17.2 | K30: 0.7 | L30: 3.7 | M30: 0.2 | N30: 1.1 | O30: 2.6 | P30: 105 | Q30: 200 | R30: 300 | S30: 400 | V30: =IF(Q30="","",J30*Q30/100) -> 34.4 | W30: =IF(R30="","",J30*R30/100) -> 51.6 | X30: =IF(S30="","",J30*S30/100) -> 68.8 | Y30: =IF(T30="","",J30*T30/100) | Z30: =IF(U30="","",J30*U30/100) | AA30: High | AB30: Ingredient composition data (USDA FDC / IFCT 2017) | AD30: =IF(AC30="","",IFERROR(INDEX('INDB Full Nutrients'!$D:$D,MATCH(AC30,'INDB Full Nutrients'!$A:$A,0)),"")) | AF30: Natural, no sugar
A31: D030 | B31: Sugarcane juice | C31: Ganne ka ras, ganna juice | D31: Cold Beverages & Sharbat | E31: Pan-India | F31: Veg | G31: Yes | H31: Beverage | I31: ml | J31: =4*K31+4*(L31-N31)+9*M31+2*N31 -> 73.7 | K31: 0.2 | L31: 18 | M31: 0.1 | N31: 0 | O31: 16 | P31: 10 | Q31: 150 | R31: 250 | S31: 350 | V31: =IF(Q31="","",J31*Q31/100) -> 110.55 | W31: =IF(R31="","",J31*R31/100) -> 184.25 | X31: =IF(S31="","",J31*S31/100) -> 257.95 | Y31: =IF(T31="","",J31*T31/100) | Z31: =IF(U31="","",J31*U31/100) | AA31: High | AB31: Ingredient composition data (USDA FDC / IFCT 2017) | AD31: =IF(AC31="","",IFERROR(INDEX('INDB Full Nutrients'!$D:$D,MATCH(AC31,'INDB Full Nutrients'!$A:$A,0)),"")) | AF31: Fresh pressed; ~70-75 kcal/100 ml
A32: D031 | B32: Thandai | D32: Cold Beverages & Sharbat | E32: North | F32: Veg | H32: Beverage | I32: ml | J32: =4*K32+4*(L32-N32)+9*M32+2*N32 -> 112 | K32: 3.5 | L32: 13.5 | M32: 5 | N32: 0.5 | O32: 12 | P32: 40 | Q32: 150 | R32: 250 | S32: 350 | V32: =IF(Q32="","",J32*Q32/100) -> 168 | W32: =IF(R32="","",J32*R32/100) -> 280 | X32: =IF(S32="","",J32*S32/100) -> 392 | Y32: =IF(T32="","",J32*T32/100) | Z32: =IF(U32="","",J32*U32/100) | AA32: High | AB32: Agrees with INDB 2024 standard recipe (within 20%) | AC32: OSR005 | AD32: =IF(AC32="","",IFERROR(INDEX('INDB Full Nutrients'!$D:$D,MATCH(AC32,'INDB Full Nutrients'!$A:$A,0)),"")) -> 101.1769 | AE32: INDB 101 kcal/100 g (+11%) | AF32: Milk, nuts, seeds, sugar
A33: D032 | B33: Jigarthanda | C33: Madurai jigarthanda | D33: Cold Beverages & Sharbat | E33: South | F33: Veg | H33: Beverage | I33: ml | J33: =4*K33+4*(L33-N33)+9*M33+2*N33 -> 138.8 | K33: 3.5 | L33: 20 | M33: 5 | N33: 0.1 | O33: 18 | P33: 50 | Q33: 200 | R33: 300 | S33: 400 | V33: =IF(Q33="","",J33*Q33/100) -> 277.6 | W33: =IF(R33="","",J33*R33/100) -> 416.4 | X33: =IF(S33="","",J33*S33/100) -> 555.2 | Y33: =IF(T33="","",J33*T33/100) | Z33: =IF(U33="","",J33*U33/100) | AA33: Medium | AB33: Typical-recipe estimate (IFCT 2017 / USDA FDC ingredient data) | AD33: =IF(AC33="","",IFERROR(INDEX('INDB Full Nutrients'!$D:$D,MATCH(AC33,'INDB Full Nutrients'!$A:$A,0)),"")) | AF33: Milk, almond gum, nannari, ice cream
A34: D033 | B34: Falooda | C34: Royal falooda | D34: Cold Beverages & Sharbat | E34: Pan-India | F34: Veg | H34: Beverage | I34: ml | J34: =4*K34+4*(L34-N34)+9*M34+2*N34 -> 137.6 | K34: 3.2 | L34: 22 | M34: 4.2 | N34: 0.5 | O34: 17 | P34: 45 | Q34: 200 | R34: 300 | S34: 400 | V34: =IF(Q34="","",J34*Q34/100) -> 275.2 | W34: =IF(R34="","",J34*R34/100) -> 412.8 | X34: =IF(S34="","",J34*S34/100) -> 550.4 | Y34: =IF(T34="","",J34*T34/100) | Z34: =IF(U34="","",J34*U34/100) | AA34: Medium | AB34: Typical-recipe estimate (IFCT 2017 / USDA FDC ingredient data) | AD34: =IF(AC34="","",IFERROR(INDEX('INDB Full Nutrients'!$D:$D,MATCH(AC34,'INDB Full Nutrients'!$A:$A,0)),"")) | AF34: With ice cream, sabja, vermicelli, rose syrup
A35: D034 | B35: Rose milk | D35: Cold Beverages & Sharbat | E35: South | F35: Veg | H35: Beverage | I35: ml | J35: =4*K35+4*(L35-N35)+9*M35+2*N35 -> 91 | K35: 3 | L35: 13 | M35: 3 | N35: 0 | O35: 12.8 | P35: 42 | Q35: 200 | R35: 300 | S35: 400 | V35: =IF(Q35="","",J35*Q35/100) -> 182 | W35: =IF(R35="","",J35*R35/100) -> 273 | X35: =IF(S35="","",J35*S35/100) -> 364 | Y35: =IF(T35="","",J35*T35/100) | Z35: =IF(U35="","",J35*U35/100) | AA35: Medium | AB35: Typical-recipe estimate (IFCT 2017 / USDA FDC ingredient data) | AD35: =IF(AC35="","",IFERROR(INDEX('INDB Full Nutrients'!$D:$D,MATCH(AC35,'INDB Full Nutrients'!$A:$A,0)),""))
A36: D035 | B36: Cold coffee (milk + sugar) | D36: Cold Beverages & Sharbat | E36: Pan-India | F36: Veg | H36: Beverage | I36: ml | J36: =4*K36+4*(L36-N36)+9*M36+2*N36 -> 80.4 | K36: 2.8 | L36: 11 | M36: 2.8 | N36: 0 | O36: 11 | P36: 40 | Q36: 200 | R36: 300 | S36: 400 | V36: =IF(Q36="","",J36*Q36/100) -> 160.8 | W36: =IF(R36="","",J36*R36/100) -> 241.2 | X36: =IF(S36="","",J36*S36/100) -> 321.6 | Y36: =IF(T36="","",J36*T36/100) | Z36: =IF(U36="","",J36*U36/100) | AA36: High | AB36: Agrees with INDB 2024 standard recipe (within 20%) | AC36: BFP013 | AD36: =IF(AC36="","",IFERROR(INDEX('INDB Full Nutrients'!$D:$D,MATCH(AC36,'INDB Full Nutrients'!$A:$A,0)),"")) -> 82.764069 | AE36: INDB 83 kcal/100 g (-3%)
A37: D036 | B37: Cold coffee with ice cream | C37: Frappe | D37: Cold Beverages & Sharbat | E37: Pan-India | F37: Veg | H37: Beverage | I37: ml | J37: =4*K37+4*(L37-N37)+9*M37+2*N37 -> 112.5 | K37: 3 | L37: 15 | M37: 4.5 | N37: 0 | O37: 14.5 | P37: 45 | Q37: 200 | R37: 300 | S37: 400 | V37: =IF(Q37="","",J37*Q37/100) -> 225 | W37: =IF(R37="","",J37*R37/100) -> 337.5 | X37: =IF(S37="","",J37*S37/100) -> 450 | Y37: =IF(T37="","",J37*T37/100) | Z37: =IF(U37="","",J37*U37/100) | AA37: Medium | AB37: Typical-recipe estimate (IFCT 2017 / USDA FDC ingredient data) | AC37: ASC015 | AD37: =IF(AC37="","",IFERROR(INDEX('INDB Full Nutrients'!$D:$D,MATCH(AC37,'INDB Full Nutrients'!$A:$A,0)),"")) -> 67.848755 | AE37: INDB 68 kcal/100 g (+66%) - INDB lower: lighter/thinner recipe, or cooking water counted in weight
A38: D037 | B38: Soft drink / cola | C38: Coke, Thums Up, Pepsi | D38: Cold Beverages & Sharbat | E38: Pan-India | F38: Veg | G38: Yes | H38: Beverage | I38: ml | J38: =4*K38+4*(L38-N38)+9*M38+2*N38 -> 42.4 | K38: 0 | L38: 10.6 | M38: 0 | N38: 0 | O38: 10.6 | P38: 10 | Q38: 150 | R38: 250 | S38: 350 | V38: =IF(Q38="","",J38*Q38/100) -> 63.6 | W38: =IF(R38="","",J38*R38/100) -> 106 | X38: =IF(S38="","",J38*S38/100) -> 148.4 | Y38: =IF(T38="","",J38*T38/100) | Z38: =IF(U38="","",J38*U38/100) | AA38: High | AB38: Ingredient composition data (USDA FDC / IFCT 2017) | AD38: =IF(AC38="","",IFERROR(INDEX('INDB Full Nutrients'!$D:$D,MATCH(AC38,'INDB Full Nutrients'!$A:$A,0)),"")) | AF38: Regular, not diet
A39: D038 | B39: Packaged mango drink | C39: Frooti, Maaza, Slice | D39: Cold Beverages & Sharbat | E39: Pan-India | F39: Veg | G39: Yes | H39: Beverage | I39: ml | J39: =4*K39+4*(L39-N39)+9*M39+2*N39 -> 62.2 | K39: 0.1 | L39: 15.5 | M39: 0 | N39: 0.1 | O39: 15 | P39: 15 | Q39: 150 | R39: 250 | S39: 350 | V39: =IF(Q39="","",J39*Q39/100) -> 93.3 | W39: =IF(R39="","",J39*R39/100) -> 155.5 | X39: =IF(S39="","",J39*S39/100) -> 217.7 | Y39: =IF(T39="","",J39*T39/100) | Z39: =IF(U39="","",J39*U39/100) | AA39: Medium | AB39: Typical-recipe estimate (IFCT 2017 / USDA FDC ingredient data) | AD39: =IF(AC39="","",IFERROR(INDEX('INDB Full Nutrients'!$D:$D,MATCH(AC39,'INDB Full Nutrients'!$A:$A,0)),""))
A40: D039 | B40: Orange juice | C40: Santra/narangi juice | D40: Fruit Juices | E40: Pan-India | F40: Veg | G40: Yes | H40: Beverage | I40: ml | J40: =4*K40+4*(L40-N40)+9*M40+2*N40 -> 45.8 | K40: 0.7 | L40: 10.4 | M40: 0.2 | N40: 0.2 | O40: 8.4 | P40: 1 | Q40: 200 | R40: 300 | S40: 400 | V40: =IF(Q40="","",J40*Q40/100) -> 91.6 | W40: =IF(R40="","",J40*R40/100) -> 137.4 | X40: =IF(S40="","",J40*S40/100) -> 183.2 | Y40: =IF(T40="","",J40*T40/100) | Z40: =IF(U40="","",J40*U40/100) | AA40: High | AB40: Ingredient composition data (USDA FDC / IFCT 2017) | AD40: =IF(AC40="","",IFERROR(INDEX('INDB Full Nutrients'!$D:$D,MATCH(AC40,'INDB Full Nutrients'!$A:$A,0)),"")) | AF40: Fresh, no added sugar. Shop juices often add 2-4 tsp sugar/glass: +20 kcal & +5 g carbs per tsp
A41: D040 | B41: Mosambi juice | C41: Sweet lime juice, musambi | D41: Fruit Juices | E41: Pan-India | F41: Veg | G41: Yes | H41: Beverage | I41: ml | J41: =4*K41+4*(L41-N41)+9*M41+2*N41 -> 37.7 | K41: 0.5 | L41: 8.8 | M41: 0.1 | N41: 0.2 | O41: 7 | P41: 1 | Q41: 200 | R41: 300 | S41: 400 | V41: =IF(Q41="","",J41*Q41/100) -> 75.4 | W41: =IF(R41="","",J41*R41/100) -> 113.1 | X41: =IF(S41="","",J41*S41/100) -> 150.8 | Y41: =IF(T41="","",J41*T41/100) | Z41: =IF(U41="","",J41*U41/100) | AA41: High | AB41: Ingredient composition data (USDA FDC / IFCT 2017) | AD41: =IF(AC41="","",IFERROR(INDEX('INDB Full Nutrients'!$D:$D,MATCH(AC41,'INDB Full Nutrients'!$A:$A,0)),"")) | AF41: Fresh, no added sugar. Shop juices often add 2-4 tsp sugar/glass: +20 kcal & +5 g carbs per tsp
A42: D041 | B42: Apple juice | C42: Seb ka juice | D42: Fruit Juices | E42: Pan-India | F42: Veg | G42: Yes | H42: Beverage | I42: ml | J42: =4*K42+4*(L42-N42)+9*M42+2*N42 -> 46.1 | K42: 0.1 | L42: 11.3 | M42: 0.1 | N42: 0.2 | O42: 9.6 | P42: 4 | Q42: 200 | R42: 300 | S42: 400 | V42: =IF(Q42="","",J42*Q42/100) -> 92.2 | W42: =IF(R42="","",J42*R42/100) -> 138.3 | X42: =IF(S42="","",J42*S42/100) -> 184.4 | Y42: =IF(T42="","",J42*T42/100) | Z42: =IF(U42="","",J42*U42/100) | AA42: High | AB42: Ingredient composition data (USDA FDC / IFCT 2017) | AD42: =IF(AC42="","",IFERROR(INDEX('INDB Full Nutrients'!$D:$D,MATCH(AC42,'INDB Full Nutrients'!$A:$A,0)),"")) | AF42: Fresh, no added sugar. Shop juices often add 2-4 tsp sugar/glass: +20 kcal & +5 g carbs per tsp
A43: D042 | B43: Pomegranate juice | C43: Anar juice | D43: Fruit Juices | E43: Pan-India | F43: Veg | G43: Yes | H43: Beverage | I43: ml | J43: =4*K43+4*(L43-N43)+9*M43+2*N43 -> 55.7 | K43: 0.2 | L43: 13.1 | M43: 0.3 | N43: 0.1 | O43: 12.7 | P43: 9 | Q43: 200 | R43: 300 | S43: 400 | V43: =IF(Q43="","",J43*Q43/100) -> 111.4 | W43: =IF(R43="","",J43*R43/100) -> 167.1 | X43: =IF(S43="","",J43*S43/100) -> 222.8 | Y43: =IF(T43="","",J43*T43/100) | Z43: =IF(U43="","",J43*U43/100) | AA43: High | AB43: Ingredient composition data (USDA FDC / IFCT 2017) | AD43: =IF(AC43="","",IFERROR(INDEX('INDB Full Nutrients'!$D:$D,MATCH(AC43,'INDB Full Nutrients'!$A:$A,0)),"")) | AF43: Fresh, no added sugar. Shop juices often add 2-4 tsp sugar/glass: +20 kcal & +5 g carbs per tsp
A44: D043 | B44: Grape juice (black/green) | C44: Angoor juice | D44: Fruit Juices | E44: Pan-India | F44: Veg | G44: Yes | H44: Beverage | I44: ml | J44: =4*K44+4*(L44-N44)+9*M44+2*N44 -> 61.3 | K44: 0.4 | L44: 14.8 | M44: 0.1 | N44: 0.2 | O44: 14.2 | P44: 5 | Q44: 200 | R44: 300 | S44: 400 | V44: =IF(Q44="","",J44*Q44/100) -> 122.6 | W44: =IF(R44="","",J44*R44/100) -> 183.9 | X44: =IF(S44="","",J44*S44/100) -> 245.2 | Y44: =IF(T44="","",J44*T44/100) | Z44: =IF(U44="","",J44*U44/100) | AA44: High | AB44: Ingredient composition data (USDA FDC / IFCT 2017) | AD44: =IF(AC44="","",IFERROR(INDEX('INDB Full Nutrients'!$D:$D,MATCH(AC44,'INDB Full Nutrients'!$A:$A,0)),"")) | AF44: Fresh, no added sugar. Shop juices often add 2-4 tsp sugar/glass: +20 kcal & +5 g carbs per tsp
A45: D044 | B45: Pineapple juice | C45: Ananas juice | D45: Fruit Juices | E45: Pan-India | F45: Veg | G45: Yes | H45: Beverage | I45: ml | J45: =4*K45+4*(L45-N45)+9*M45+2*N45 -> 53.7 | K45: 0.4 | L45: 12.9 | M45: 0.1 | N45: 0.2 | O45: 10 | P45: 2 | Q45: 200 | R45: 300 | S45: 400 | V45: =IF(Q45="","",J45*Q45/100) -> 107.4 | W45: =IF(R45="","",J45*R45/100) -> 161.1 | X45: =IF(S45="","",J45*S45/100) -> 214.8 | Y45: =IF(T45="","",J45*T45/100) | Z45: =IF(U45="","",J45*U45/100) | AA45: High | AB45: Ingredient composition data (USDA FDC / IFCT 2017) | AD45: =IF(AC45="","",IFERROR(INDEX('INDB Full Nutrients'!$D:$D,MATCH(AC45,'INDB Full Nutrients'!$A:$A,0)),"")) | AF45: Fresh, no added sugar. Shop juices often add 2-4 tsp sugar/glass: +20 kcal & +5 g carbs per tsp
A46: D045 | B46: Watermelon juice | C46: Tarbooz juice | D46: Fruit Juices | E46: Pan-India | F46: Veg | G46: Yes | H46: Beverage | I46: ml | J46: =4*K46+4*(L46-N46)+9*M46+2*N46 -> 33.2 | K46: 0.6 | L46: 7.4 | M46: 0.2 | N46: 0.3 | O46: 6.2 | P46: 1 | Q46: 200 | R46: 300 | S46: 400 | V46: =IF(Q46="","",J46*Q46/100) -> 66.4 | W46: =IF(R46="","",J46*R46/100) -> 99.6 | X46: =IF(S46="","",J46*S46/100) -> 132.8 | Y46: =IF(T46="","",J46*T46/100) | Z46: =IF(U46="","",J46*U46/100) | AA46: High | AB46: Ingredient composition data (USDA FDC / IFCT 2017) | AD46: =IF(AC46="","",IFERROR(INDEX('INDB Full Nutrients'!$D:$D,MATCH(AC46,'INDB Full Nutrients'!$A:$A,0)),"")) | AF46: Fresh, no added sugar. Shop juices often add 2-4 tsp sugar/glass: +20 kcal & +5 g carbs per tsp
A47: D046 | B47: Muskmelon juice | C47: Kharbooja juice | D47: Fruit Juices | E47: Pan-India | F47: Veg | G47: Yes | H47: Beverage | I47: ml | J47: =4*K47+4*(L47-N47)+9*M47+2*N47 -> 36.8 | K47: 0.8 | L47: 8.2 | M47: 0.2 | N47: 0.5 | O47: 7.9 | P47: 16 | Q47: 200 | R47: 300 | S47: 400 | V47: =IF(Q47="","",J47*Q47/100) -> 73.6 | W47: =IF(R47="","",J47*R47/100) -> 110.4 | X47: =IF(S47="","",J47*S47/100) -> 147.2 | Y47: =IF(T47="","",J47*T47/100) | Z47: =IF(U47="","",J47*U47/100) | AA47: High | AB47: Ingredient composition data (USDA FDC / IFCT 2017) | AD47: =IF(AC47="","",IFERROR(INDEX('INDB Full Nutrients'!$D:$D,MATCH(AC47,'INDB Full Nutrients'!$A:$A,0)),"")) | AF47: Fresh, no added sugar. Shop juices often add 2-4 tsp sugar/glass: +20 kcal & +5 g carbs per tsp
A48: D047 | B48: Papaya juice | C48: Papita juice | D48: Fruit Juices | E48: Pan-India | F48: Veg | G48: Yes | H48: Beverage | I48: ml | J48: =4*K48+4*(L48-N48)+9*M48+2*N48 -> 37.4 | K48: 0.4 | L48: 9 | M48: 0.2 | N48: 1 | O48: 7 | P48: 6 | Q48: 200 | R48: 300 | S48: 400 | V48: =IF(Q48="","",J48*Q48/100) -> 74.8 | W48: =IF(R48="","",J48*R48/100) -> 112.2 | X48: =IF(S48="","",J48*S48/100) -> 149.6 | Y48: =IF(T48="","",J48*T48/100) | Z48: =IF(U48="","",J48*U48/100) | AA48: High | AB48: Ingredient composition data (USDA FDC / IFCT 2017) | AD48: =IF(AC48="","",IFERROR(INDEX('INDB Full Nutrients'!$D:$D,MATCH(AC48,'INDB Full Nutrients'!$A:$A,0)),"")) | AF48: Fresh, no added sugar. Shop juices often add 2-4 tsp sugar/glass: +20 kcal & +5 g carbs per tsp; blended with some water
A49: D048 | B49: Mango juice (fresh pulp + water) | C49: Aam juice | D49: Fruit Juices | E49: Pan-India | F49: Veg | G49: Yes | H49: Beverage | I49: ml | J49: =4*K49+4*(L49-N49)+9*M49+2*N49 -> 31.8 | K49: 0.4 | L49: 7.5 | M49: 0.2 | N49: 0.8 | O49: 6.8 | P49: 1 | Q49: 200 | R49: 300 | S49: 400 | V49: =IF(Q49="","",J49*Q49/100) -> 63.6 | W49: =IF(R49="","",J49*R49/100) -> 95.4 | X49: =IF(S49="","",J49*S49/100) -> 127.2 | Y49: =IF(T49="","",J49*T49/100) | Z49: =IF(U49="","",J49*U49/100) | AA49: High | AB49: Ingredient composition data (USDA FDC / IFCT 2017) | AD49: =IF(AC49="","",IFERROR(INDEX('INDB Full Nutrients'!$D:$D,MATCH(AC49,'INDB Full Nutrients'!$A:$A,0)),"")) | AF49: Fresh, no added sugar. Shop juices often add 2-4 tsp sugar/glass: +20 kcal & +5 g carbs per tsp; pulp:water ~1:1
A50: D049 | B50: Aamras (thick mango pulp, no sugar) | C50: Aam ras | D50: Fruit Juices | E50: West | F50: Veg | G50: Yes | H50: Beverage | I50: g | J50: =4*K50+4*(L50-N50)+9*M50+2*N50 -> 63.6 | K50: 0.8 | L50: 15 | M50: 0.4 | N50: 1.6 | O50: 13.7 | P50: 1 | Q50: 100 | R50: 150 | S50: 200 | V50: =IF(Q50="","",J50*Q50/100) -> 63.6 | W50: =IF(R50="","",J50*R50/100) -> 95.4 | X50: =IF(S50="","",J50*S50/100) -> 127.2 | Y50: =IF(T50="","",J50*T50/100) | Z50: =IF(U50="","",J50*U50/100) | AA50: High | AB50: Ingredient composition data (USDA FDC / IFCT 2017) | AD50: =IF(AC50="","",IFERROR(INDEX('INDB Full Nutrients'!$D:$D,MATCH(AC50,'INDB Full Nutrients'!$A:$A,0)),"")) | AF50: Served in katori with puri
A51: D050 | B51: Aamras with sugar | C51: Aam ras sweetened | D51: Fruit Juices | E51: West | F51: Veg | G51: Yes | H51: Beverage | I51: g | J51: =4*K51+4*(L51-N51)+9*M51+2*N51 -> 83.6 | K51: 0.8 | L51: 20 | M51: 0.4 | N51: 1.6 | O51: 18.5 | P51: 1 | Q51: 100 | R51: 150 | S51: 200 | V51: =IF(Q51="","",J51*Q51/100) -> 83.6 | W51: =IF(R51="","",J51*R51/100) -> 125.4 | X51: =IF(S51="","",J51*S51/100) -> 167.2 | Y51: =IF(T51="","",J51*T51/100) | Z51: =IF(U51="","",J51*U51/100) | AA51: High | AB51: Ingredient composition data (USDA FDC / IFCT 2017) | AD51: =IF(AC51="","",IFERROR(INDEX('INDB Full Nutrients'!$D:$D,MATCH(AC51,'INDB Full Nutrients'!$A:$A,0)),""))
A52: D051 | B52: Guava juice | C52: Amrood juice | D52: Fruit Juices | E52: Pan-India | F52: Veg | G52: Yes | H52: Beverage | I52: ml | J52: =4*K52+4*(L52-N52)+9*M52+2*N52 -> 35.2 | K52: 0.6 | L52: 8.5 | M52: 0.2 | N52: 1.5 | O52: 5 | P52: 2 | Q52: 200 | R52: 300 | S52: 400 | V52: =IF(Q52="","",J52*Q52/100) -> 70.4 | W52: =IF(R52="","",J52*R52/100) -> 105.6 | X52: =IF(S52="","",J52*S52/100) -> 140.8 | Y52: =IF(T52="","",J52*T52/100) | Z52: =IF(U52="","",J52*U52/100) | AA52: High | AB52: Ingredient composition data (USDA FDC / IFCT 2017) | AD52: =IF(AC52="","",IFERROR(INDEX('INDB Full Nutrients'!$D:$D,MATCH(AC52,'INDB Full Nutrients'!$A:$A,0)),"")) | AF52: Fresh, no added sugar. Shop juices often add 2-4 tsp sugar/glass: +20 kcal & +5 g carbs per tsp
A53: D052 | B53: Strawberry juice | D53: Fruit Juices | E53: Pan-India | F53: Veg | G53: Yes | H53: Beverage | I53: ml | J53: =4*K53+4*(L53-N53)+9*M53+2*N53 -> 33.5 | K53: 0.6 | L53: 7.7 | M53: 0.3 | N53: 1.2 | O53: 4.9 | P53: 1 | Q53: 200 | R53: 300 | S53: 400 | V53: =IF(Q53="","",J53*Q53/100) -> 67 | W53: =IF(R53="","",J53*R53/100) -> 100.5 | X53: =IF(S53="","",J53*S53/100) -> 134 | Y53: =IF(T53="","",J53*T53/100) | Z53: =IF(U53="","",J53*U53/100) | AA53: High | AB53: Ingredient composition data (USDA FDC / IFCT 2017) | AD53: =IF(AC53="","",IFERROR(INDEX('INDB Full Nutrients'!$D:$D,MATCH(AC53,'INDB Full Nutrients'!$A:$A,0)),"")) | AF53: Fresh, no added sugar. Shop juices often add 2-4 tsp sugar/glass: +20 kcal & +5 g carbs per tsp
A54: D053 | B54: Kiwi juice | D54: Fruit Juices | E54: Pan-India | F54: Veg | G54: Yes | H54: Beverage | I54: ml | J54: =4*K54+4*(L54-N54)+9*M54+2*N54 -> 52.4 | K54: 0.8 | L54: 12 | M54: 0.4 | N54: 1.2 | O54: 8.5 | P54: 3 | Q54: 200 | R54: 300 | S54: 400 | V54: =IF(Q54="","",J54*Q54/100) -> 104.8 | W54: =IF(R54="","",J54*R54/100) -> 157.2 | X54: =IF(S54="","",J54*S54/100) -> 209.6 | Y54: =IF(T54="","",J54*T54/100) | Z54: =IF(U54="","",J54*U54/100) | AA54: High | AB54: Ingredient composition data (USDA FDC / IFCT 2017) | AD54: =IF(AC54="","",IFERROR(INDEX('INDB Full Nutrients'!$D:$D,MATCH(AC54,'INDB Full Nutrients'!$A:$A,0)),"")) | AF54: Fresh, no added sugar. Shop juices often add 2-4 tsp sugar/glass: +20 kcal & +5 g carbs per tsp
A55: D054 | B55: Litchi juice | C55: Lychee juice | D55: Fruit Juices | E55: Pan-India | F55: Veg | G55: Yes | H55: Beverage | I55: ml | J55: =4*K55+4*(L55-N55)+9*M55+2*N55 -> 66.1 | K55: 0.6 | L55: 15.5 | M55: 0.3 | N55: 0.5 | O55: 14 | P55: 1 | Q55: 200 | R55: 300 | S55: 400 | V55: =IF(Q55="","",J55*Q55/100) -> 132.2 | W55: =IF(R55="","",J55*R55/100) -> 198.3 | X55: =IF(S55="","",J55*S55/100) -> 264.4 | Y55: =IF(T55="","",J55*T55/100) | Z55: =IF(U55="","",J55*U55/100) | AA55: High | AB55: Ingredient composition data (USDA FDC / IFCT 2017) | AD55: =IF(AC55="","",IFERROR(INDEX('INDB Full Nutrients'!$D:$D,MATCH(AC55,'INDB Full Nutrients'!$A:$A,0)),"")) | AF55: Fresh, no added sugar. Shop juices often add 2-4 tsp sugar/glass: +20 kcal & +5 g carbs per tsp
A56: D055 | B56: Jamun juice | C56: Java plum juice | D56: Fruit Juices | E56: Pan-India | F56: Veg | G56: Yes | H56: Beverage | I56: ml | J56: =4*K56+4*(L56-N56)+9*M56+2*N56 -> 33.9 | K56: 0.4 | L56: 8 | M56: 0.1 | N56: 0.3 | O56: 7 | P56: 7 | Q56: 200 | R56: 300 | S56: 400 | V56: =IF(Q56="","",J56*Q56/100) -> 67.8 | W56: =IF(R56="","",J56*R56/100) -> 101.7 | X56: =IF(S56="","",J56*S56/100) -> 135.6 | Y56: =IF(T56="","",J56*T56/100) | Z56: =IF(U56="","",J56*U56/100) | AA56: High | AB56: Ingredient composition data (USDA FDC / IFCT 2017) | AD56: =IF(AC56="","",IFERROR(INDEX('INDB Full Nutrients'!$D:$D,MATCH(AC56,'INDB Full Nutrients'!$A:$A,0)),"")) | AF56: Fresh, no added sugar. Shop juices often add 2-4 tsp sugar/glass: +20 kcal & +5 g carbs per tsp; diluted
A57: D056 | B57: Pear juice | C57: Nashpati juice | D57: Fruit Juices | E57: Pan-India | F57: Veg | G57: Yes | H57: Beverage | I57: ml | J57: =4*K57+4*(L57-N57)+9*M57+2*N57 -> 48.7 | K57: 0.1 | L57: 12 | M57: 0.1 | N57: 0.3 | O57: 10 | P57: 4 | Q57: 200 | R57: 300 | S57: 400 | V57: =IF(Q57="","",J57*Q57/100) -> 97.4 | W57: =IF(R57="","",J57*R57/100) -> 146.1 | X57: =IF(S57="","",J57*S57/100) -> 194.8 | Y57: =IF(T57="","",J57*T57/100) | Z57: =IF(U57="","",J57*U57/100) | AA57: High | AB57: Ingredient composition data (USDA FDC / IFCT 2017) | AD57: =IF(AC57="","",IFERROR(INDEX('INDB Full Nutrients'!$D:$D,MATCH(AC57,'INDB Full Nutrients'!$A:$A,0)),"")) | AF57: Fresh, no added sugar. Shop juices often add 2-4 tsp sugar/glass: +20 kcal & +5 g carbs per tsp
A58: D057 | B58: Plum juice | C58: Aloo bukhara juice | D58: Fruit Juices | E58: Pan-India | F58: Veg | G58: Yes | H58: Beverage | I58: ml | J58: =4*K58+4*(L58-N58)+9*M58+2*N58 -> 46.6 | K58: 0.4 | L58: 11 | M58: 0.2 | N58: 0.4 | O58: 10 | P58: 1 | Q58: 200 | R58: 300 | S58: 400 | V58: =IF(Q58="","",J58*Q58/100) -> 93.2 | W58: =IF(R58="","",J58*R58/100) -> 139.8 | X58: =IF(S58="","",J58*S58/100) -> 186.4 | Y58: =IF(T58="","",J58*T58/100) | Z58: =IF(U58="","",J58*U58/100) | AA58: High | AB58: Ingredient composition data (USDA FDC / IFCT 2017) | AD58: =IF(AC58="","",IFERROR(INDEX('INDB Full Nutrients'!$D:$D,MATCH(AC58,'INDB Full Nutrients'!$A:$A,0)),"")) | AF58: Fresh, no added sugar. Shop juices often add 2-4 tsp sugar/glass: +20 kcal & +5 g carbs per tsp
A59: D058 | B59: Peach juice | C59: Aadu juice | D59: Fruit Juices | E59: Pan-India | F59: Veg | G59: Yes | H59: Beverage | I59: ml | J59: =4*K59+4*(L59-N59)+9*M59+2*N59 -> 41.2 | K59: 0.6 | L59: 9.5 | M59: 0.2 | N59: 0.5 | O59: 8.4 | P59: 1 | Q59: 200 | R59: 300 | S59: 400 | V59: =IF(Q59="","",J59*Q59/100) -> 82.4 | W59: =IF(R59="","",J59*R59/100) -> 123.6 | X59: =IF(S59="","",J59*S59/100) -> 164.8 | Y59: =IF(T59="","",J59*T59/100) | Z59: =IF(U59="","",J59*U59/100) | AA59: High | AB59: Ingredient composition data (USDA FDC / IFCT 2017) | AD59: =IF(AC59="","",IFERROR(INDEX('INDB Full Nutrients'!$D:$D,MATCH(AC59,'INDB Full Nutrients'!$A:$A,0)),"")) | AF59: Fresh, no added sugar. Shop juices often add 2-4 tsp sugar/glass: +20 kcal & +5 g carbs per tsp
A60: D059 | B60: Cranberry juice (unsweetened) | D60: Fruit Juices | E60: Pan-India | F60: Veg | G60: Yes | H60: Beverage | I60: ml | J60: =4*K60+4*(L60-N60)+9*M60+2*N60 -> 51.1 | K60: 0.4 | L60: 12.2 | M60: 0.1 | N60: 0.1 | O60: 12.1 | P60: 5 | Q60: 200 | R60: 300 | S60: 400 | V60: =IF(Q60="","",J60*Q60/100) -> 102.2 | W60: =IF(R60="","",J60*R60/100) -> 153.3 | X60: =IF(S60="","",J60*S60/100) -> 204.4 | Y60: =IF(T60="","",J60*T60/100) | Z60: =IF(U60="","",J60*U60/100) | AA60: High | AB60: Ingredient composition data (USDA FDC / IFCT 2017) | AD60: =IF(AC60="","",IFERROR(INDEX('INDB Full Nutrients'!$D:$D,MATCH(AC60,'INDB Full Nutrients'!$A:$A,0)),"")) | AF60: Fresh, no added sugar. Shop juices often add 2-4 tsp sugar/glass: +20 kcal & +5 g carbs per tsp
A61: D060 | B61: Mixed fruit juice | C61: Fruit punch (fresh) | D61: Fruit Juices | E61: Pan-India | F61: Veg | G61: Yes | H61: Beverage | I61: ml | J61: =4*K61+4*(L61-N61)+9*M61+2*N61 -> 50 | K61: 0.4 | L61: 11.8 | M61: 0.2 | N61: 0.3 | O61: 10.5 | P61: 3 | Q61: 200 | R61: 300 | S61: 400 | V61: =IF(Q61="","",J61*Q61/100) -> 100 | W61: =IF(R61="","",J61*R61/100) -> 150 | X61: =IF(S61="","",J61*S61/100) -> 200 | Y61: =IF(T61="","",J61*T61/100) | Z61: =IF(U61="","",J61*U61/100) | AA61: High | AB61: Ingredient composition data (USDA FDC / IFCT 2017) | AD61: =IF(AC61="","",IFERROR(INDEX('INDB Full Nutrients'!$D:$D,MATCH(AC61,'INDB Full Nutrients'!$A:$A,0)),"")) | AF61: Fresh, no added sugar. Shop juices often add 2-4 tsp sugar/glass: +20 kcal & +5 g carbs per tsp
A62: D061 | B62: Amla juice (diluted) | C62: Indian gooseberry juice | D62: Fruit Juices | E62: Pan-India | F62: Veg | G62: Yes | H62: Beverage | I62: ml | J62: =4*K62+4*(L62-N62)+9*M62+2*N62 -> 12.7 | K62: 0.2 | L62: 3 | M62: 0.1 | N62: 0.5 | O62: 1 | P62: 2 | Q62: 30 | R62: 60 | S62: 100 | V62: =IF(Q62="","",J62*Q62/100) -> 3.81 | W62: =IF(R62="","",J62*R62/100) -> 7.62 | X62: =IF(S62="","",J62*S62/100) -> 12.7 | Y62: =IF(T62="","",J62*T62/100) | Z62: =IF(U62="","",J62*U62/100) | AA62: High | AB62: Ingredient composition data (USDA FDC / IFCT 2017) | AD62: =IF(AC62="","",IFERROR(INDEX('INDB Full Nutrients'!$D:$D,MATCH(AC62,'INDB Full Nutrients'!$A:$A,0)),"")) | AF62: ~30 ml amla juice in 100 ml water
A63: D062 | B63: Carrot juice | C63: Gajar juice | D63: Vegetable Juices | E63: Pan-India | F63: Veg | G63: Yes | H63: Beverage | I63: ml | J63: =4*K63+4*(L63-N63)+9*M63+2*N63 -> 41 | K63: 0.9 | L63: 9.3 | M63: 0.2 | N63: 0.8 | O63: 3.9 | P63: 66 | Q63: 200 | R63: 300 | S63: 400 | V63: =IF(Q63="","",J63*Q63/100) -> 82 | W63: =IF(R63="","",J63*R63/100) -> 123 | X63: =IF(S63="","",J63*S63/100) -> 164 | Y63: =IF(T63="","",J63*T63/100) | Z63: =IF(U63="","",J63*U63/100) | AA63: High | AB63: Ingredient composition data (USDA FDC / IFCT 2017) | AD63: =IF(AC63="","",IFERROR(INDEX('INDB Full Nutrients'!$D:$D,MATCH(AC63,'INDB Full Nutrients'!$A:$A,0)),"")) | AF63: No added sugar
A64: D063 | B64: Beetroot juice | C64: Chukandar juice | D64: Vegetable Juices | E64: Pan-India | F64: Veg | G64: Yes | H64: Beverage | I64: ml | J64: =4*K64+4*(L64-N64)+9*M64+2*N64 -> 37.3 | K64: 1 | L64: 8.5 | M64: 0.1 | N64: 0.8 | O64: 6.5 | P64: 70 | Q64: 200 | R64: 300 | S64: 400 | V64: =IF(Q64="","",J64*Q64/100) -> 74.6 | W64: =IF(R64="","",J64*R64/100) -> 111.9 | X64: =IF(S64="","",J64*S64/100) -> 149.2 | Y64: =IF(T64="","",J64*T64/100) | Z64: =IF(U64="","",J64*U64/100) | AA64: High | AB64: Ingredient composition data (USDA FDC / IFCT 2017) | AD64: =IF(AC64="","",IFERROR(INDEX('INDB Full Nutrients'!$D:$D,MATCH(AC64,'INDB Full Nutrients'!$A:$A,0)),"")) | AF64: No added sugar
A65: D064 | B65: ABC juice (apple-beetroot-carrot) | D65: Vegetable Juices | E65: Pan-India | F65: Veg | G65: Yes | H65: Beverage | I65: ml | J65: =4*K65+4*(L65-N65)+9*M65+2*N65 -> 42.1 | K65: 0.6 | L65: 10 | M65: 0.1 | N65: 0.6 | O65: 7.5 | P65: 45 | Q65: 200 | R65: 300 | S65: 400 | V65: =IF(Q65="","",J65*Q65/100) -> 84.2 | W65: =IF(R65="","",J65*R65/100) -> 126.3 | X65: =IF(S65="","",J65*S65/100) -> 168.4 | Y65: =IF(T65="","",J65*T65/100) | Z65: =IF(U65="","",J65*U65/100) | AA65: High | AB65: Ingredient composition data (USDA FDC / IFCT 2017) | AD65: =IF(AC65="","",IFERROR(INDEX('INDB Full Nutrients'!$D:$D,MATCH(AC65,'INDB Full Nutrients'!$A:$A,0)),"")) | AF65: No added sugar
A66: D065 | B66: Tomato juice (fresh) | C66: Tamatar juice | D66: Vegetable Juices | E66: Pan-India | F66: Veg | G66: Yes | H66: Beverage | I66: ml | J66: =4*K66+4*(L66-N66)+9*M66+2*N66 -> 20 | K66: 0.9 | L66: 3.9 | M66: 0.2 | N66: 0.5 | O66: 2.6 | P66: 10 | Q66: 200 | R66: 300 | S66: 400 | V66: =IF(Q66="","",J66*Q66/100) -> 40 | W66: =IF(R66="","",J66*R66/100) -> 60 | X66: =IF(S66="","",J66*S66/100) -> 80 | Y66: =IF(T66="","",J66*T66/100) | Z66: =IF(U66="","",J66*U66/100) | AA66: High | AB66: Ingredient composition data (USDA FDC / IFCT 2017) | AD66: =IF(AC66="","",IFERROR(INDEX('INDB Full Nutrients'!$D:$D,MATCH(AC66,'INDB Full Nutrients'!$A:$A,0)),"")) | AF66: Unsalted; add ~250 mg sodium if salted
A67: D066 | B67: Cucumber juice | C67: Kheera juice | D67: Vegetable Juices | E67: Pan-India | F67: Veg | G67: Yes | H67: Beverage | I67: ml | J67: =4*K67+4*(L67-N67)+9*M67+2*N67 -> 15.7 | K67: 0.6 | L67: 3.3 | M67: 0.1 | N67: 0.4 | O67: 1.7 | P67: 2 | Q67: 200 | R67: 300 | S67: 400 | V67: =IF(Q67="","",J67*Q67/100) -> 31.4 | W67: =IF(R67="","",J67*R67/100) -> 47.1 | X67: =IF(S67="","",J67*S67/100) -> 62.8 | Y67: =IF(T67="","",J67*T67/100) | Z67: =IF(U67="","",J67*U67/100) | AA67: High | AB67: Ingredient composition data (USDA FDC / IFCT 2017) | AD67: =IF(AC67="","",IFERROR(INDEX('INDB Full Nutrients'!$D:$D,MATCH(AC67,'INDB Full Nutrients'!$A:$A,0)),""))
A68: D067 | B68: Lauki juice (bottle gourd) | C68: Ghiya juice | D68: Vegetable Juices | E68: North | F68: Veg | G68: Yes | H68: Beverage | I68: ml | J68: =4*K68+4*(L68-N68)+9*M68+2*N68 -> 14.1 | K68: 0.5 | L68: 3 | M68: 0.1 | N68: 0.4 | O68: 1.5 | P68: 5 | Q68: 150 | R68: 250 | S68: 350 | V68: =IF(Q68="","",J68*Q68/100) -> 21.15 | W68: =IF(R68="","",J68*R68/100) -> 35.25 | X68: =IF(S68="","",J68*S68/100) -> 49.35 | Y68: =IF(T68="","",J68*T68/100) | Z68: =IF(U68="","",J68*U68/100) | AA68: High | AB68: Ingredient composition data (USDA FDC / IFCT 2017) | AD68: =IF(AC68="","",IFERROR(INDEX('INDB Full Nutrients'!$D:$D,MATCH(AC68,'INDB Full Nutrients'!$A:$A,0)),""))
A69: D068 | B69: Karela juice (bitter gourd) | D69: Vegetable Juices | E69: Pan-India | F69: Veg | G69: Yes | H69: Beverage | I69: ml | J69: =4*K69+4*(L69-N69)+9*M69+2*N69 -> 15.3 | K69: 0.8 | L69: 3.2 | M69: 0.1 | N69: 0.8 | O69: 1.2 | P69: 5 | Q69: 30 | R69: 60 | S69: 100 | V69: =IF(Q69="","",J69*Q69/100) -> 4.59 | W69: =IF(R69="","",J69*R69/100) -> 9.18 | X69: =IF(S69="","",J69*S69/100) -> 15.3 | Y69: =IF(T69="","",J69*T69/100) | Z69: =IF(U69="","",J69*U69/100) | AA69: High | AB69: Ingredient composition data (USDA FDC / IFCT 2017) | AD69: =IF(AC69="","",IFERROR(INDEX('INDB Full Nutrients'!$D:$D,MATCH(AC69,'INDB Full Nutrients'!$A:$A,0)),""))
A70: D069 | B70: Wheatgrass juice | D70: Vegetable Juices | E70: Pan-India | F70: Veg | G70: Yes | H70: Beverage | I70: ml | J70: =4*K70+4*(L70-N70)+9*M70+2*N70 -> 17.9 | K70: 1.5 | L70: 3 | M70: 0.1 | N70: 0.5 | O70: 0.5 | P70: 10 | Q70: 30 | R70: 60 | S70: 100 | V70: =IF(Q70="","",J70*Q70/100) -> 5.37 | W70: =IF(R70="","",J70*R70/100) -> 10.74 | X70: =IF(S70="","",J70*S70/100) -> 17.9 | Y70: =IF(T70="","",J70*T70/100) | Z70: =IF(U70="","",J70*U70/100) | AA70: High | AB70: Ingredient composition data (USDA FDC / IFCT 2017) | AD70: =IF(AC70="","",IFERROR(INDEX('INDB Full Nutrients'!$D:$D,MATCH(AC70,'INDB Full Nutrients'!$A:$A,0)),""))
A71: D070 | B71: Green juice (spinach-cucumber-apple) | C71: Detox juice | D71: Vegetable Juices | E71: Pan-India | F71: Veg | G71: Yes | H71: Beverage | I71: ml | J71: =4*K71+4*(L71-N71)+9*M71+2*N71 -> 26.1 | K71: 0.6 | L71: 6 | M71: 0.1 | N71: 0.6 | O71: 4.5 | P71: 25 | Q71: 200 | R71: 300 | S71: 400 | V71: =IF(Q71="","",J71*Q71/100) -> 52.2 | W71: =IF(R71="","",J71*R71/100) -> 78.3 | X71: =IF(S71="","",J71*S71/100) -> 104.4 | Y71: =IF(T71="","",J71*T71/100) | Z71: =IF(U71="","",J71*U71/100) | AA71: High | AB71: Ingredient composition data (USDA FDC / IFCT 2017) | AD71: =IF(AC71="","",IFERROR(INDEX('INDB Full Nutrients'!$D:$D,MATCH(AC71,'INDB Full Nutrients'!$A:$A,0)),""))
A72: D071 | B72: Mixed vegetable juice | D72: Vegetable Juices | E72: Pan-India | F72: Veg | G72: Yes | H72: Beverage | I72: ml | J72: =4*K72+4*(L72-N72)+9*M72+2*N72 -> 20.9 | K72: 0.8 | L72: 4.5 | M72: 0.1 | N72: 0.6 | O72: 2.8 | P72: 150 | Q72: 200 | R72: 300 | S72: 400 | V72: =IF(Q72="","",J72*Q72/100) -> 41.8 | W72: =IF(R72="","",J72*R72/100) -> 62.7 | X72: =IF(S72="","",J72*S72/100) -> 83.6 | Y72: =IF(T72="","",J72*T72/100) | Z72: =IF(U72="","",J72*U72/100) | AA72: High | AB72: Ingredient composition data (USDA FDC / IFCT 2017) | AD72: =IF(AC72="","",IFERROR(INDEX('INDB Full Nutrients'!$D:$D,MATCH(AC72,'INDB Full Nutrients'!$A:$A,0)),"")) | AF72: Lightly salted
A73: D072 | B73: Sweet lassi | C73: Meethi lassi | D73: Lassi & Buttermilk | E73: North | F73: Veg | H73: Beverage | I73: ml | J73: =4*K73+4*(L73-N73)+9*M73+2*N73 -> 86.4 | K73: 2.8 | L73: 12.5 | M73: 2.8 | N73: 0 | O73: 12 | P73: 40 | Q73: 200 | R73: 300 | S73: 400 | V73: =IF(Q73="","",J73*Q73/100) -> 172.8 | W73: =IF(R73="","",J73*R73/100) -> 259.2 | X73: =IF(S73="","",J73*S73/100) -> 345.6 | Y73: =IF(T73="","",J73*T73/100) | Z73: =IF(U73="","",J73*U73/100) | AA73: Medium | AB73: Typical-recipe estimate (IFCT 2017 / USDA FDC ingredient data) | AC73: ASC021 | AD73: =IF(AC73="","",IFERROR(INDEX('INDB Full Nutrients'!$D:$D,MATCH(AC73,'INDB Full Nutrients'!$A:$A,0)),"")) -> 35.661018 | AE73: INDB 36 kcal/100 g (+142%) - INDB lower: lighter/thinner recipe, or cooking water counted in weight | AF73: Full-fat curd + sugar (shop style)
A74: D073 | B74: Salted lassi | C74: Namkeen lassi | D74: Lassi & Buttermilk | E74: North | F74: Veg | H74: Beverage | I74: ml | J74: =4*K74+4*(L74-N74)+9*M74+2*N74 -> 35.6 | K74: 2 | L74: 2.4 | M74: 2 | N74: 0 | O74: 2.4 | P74: 230 | Q74: 200 | R74: 300 | S74: 400 | V74: =IF(Q74="","",J74*Q74/100) -> 71.2 | W74: =IF(R74="","",J74*R74/100) -> 106.8 | X74: =IF(S74="","",J74*S74/100) -> 142.4 | Y74: =IF(T74="","",J74*T74/100) | Z74: =IF(U74="","",J74*U74/100) | AA74: Medium | AB74: Typical-recipe estimate (IFCT 2017 / USDA FDC ingredient data) | AC74: ASC022 | AD74: =IF(AC74="","",IFERROR(INDEX('INDB Full Nutrients'!$D:$D,MATCH(AC74,'INDB Full Nutrients'!$A:$A,0)),"")) -> 18.844942 | AE74: INDB 19 kcal/100 g (+89%) - INDB lower: lighter/thinner recipe, or cooking water counted in weight | AF74: Curd + water ~60:40 + salt, jeera
A75: D074 | B75: Mango lassi | D75: Lassi & Buttermilk | E75: North | F75: Veg | H75: Beverage | I75: ml | J75: =4*K75+4*(L75-N75)+9*M75+2*N75 -> 94.1 | K75: 2.6 | L75: 15.5 | M75: 2.5 | N75: 0.4 | O75: 14.5 | P75: 38 | Q75: 200 | R75: 300 | S75: 400 | V75: =IF(Q75="","",J75*Q75/100) -> 188.2 | W75: =IF(R75="","",J75*R75/100) -> 282.3 | X75: =IF(S75="","",J75*S75/100) -> 376.4 | Y75: =IF(T75="","",J75*T75/100) | Z75: =IF(U75="","",J75*U75/100) | AA75: Medium | AB75: Typical-recipe estimate (IFCT 2017 / USDA FDC ingredient data) | AD75: =IF(AC75="","",IFERROR(INDEX('INDB Full Nutrients'!$D:$D,MATCH(AC75,'INDB Full Nutrients'!$A:$A,0)),""))
A76: D075 | B76: Rose lassi | C76: Gulab lassi | D76: Lassi & Buttermilk | E76: North | F76: Veg | H76: Beverage | I76: ml | J76: =4*K76+4*(L76-N76)+9*M76+2*N76 -> 89.1 | K76: 2.7 | L76: 13.5 | M76: 2.7 | N76: 0 | O76: 13 | P76: 40 | Q76: 200 | R76: 300 | S76: 400 | V76: =IF(Q76="","",J76*Q76/100) -> 178.2 | W76: =IF(R76="","",J76*R76/100) -> 267.3 | X76: =IF(S76="","",J76*S76/100) -> 356.4 | Y76: =IF(T76="","",J76*T76/100) | Z76: =IF(U76="","",J76*U76/100) | AA76: Medium | AB76: Typical-recipe estimate (IFCT 2017 / USDA FDC ingredient data) | AD76: =IF(AC76="","",IFERROR(INDEX('INDB Full Nutrients'!$D:$D,MATCH(AC76,'INDB Full Nutrients'!$A:$A,0)),""))
A77: D076 | B77: Banana lassi | D77: Lassi & Buttermilk | E77: North | F77: Veg | H77: Beverage | I77: ml | J77: =4*K77+4*(L77-N77)+9*M77+2*N77 -> 91 | K77: 2.6 | L77: 15 | M77: 2.4 | N77: 0.5 | O77: 12.5 | P77: 38 | Q77: 200 | R77: 300 | S77: 400 | V77: =IF(Q77="","",J77*Q77/100) -> 182 | W77: =IF(R77="","",J77*R77/100) -> 273 | X77: =IF(S77="","",J77*S77/100) -> 364 | Y77: =IF(T77="","",J77*T77/100) | Z77: =IF(U77="","",J77*U77/100) | AA77: Medium | AB77: Typical-recipe estimate (IFCT 2017 / USDA FDC ingredient data) | AD77: =IF(AC77="","",IFERROR(INDEX('INDB Full Nutrients'!$D:$D,MATCH(AC77,'INDB Full Nutrients'!$A:$A,0)),""))
A78: D077 | B78: Punjabi malai lassi (with cream) | C78: Kulhad lassi with malai | D78: Lassi & Buttermilk | E78: North | F78: Veg | H78: Beverage | I78: ml | J78: =4*K78+4*(L78-N78)+9*M78+2*N78 -> 119.5 | K78: 3 | L78: 14.5 | M78: 5.5 | N78: 0 | O78: 14 | P78: 42 | Q78: 200 | R78: 300 | S78: 400 | V78: =IF(Q78="","",J78*Q78/100) -> 239 | W78: =IF(R78="","",J78*R78/100) -> 358.5 | X78: =IF(S78="","",J78*S78/100) -> 478 | Y78: =IF(T78="","",J78*T78/100) | Z78: =IF(U78="","",J78*U78/100) | AA78: Medium | AB78: Typical-recipe estimate (IFCT 2017 / USDA FDC ingredient data) | AD78: =IF(AC78="","",IFERROR(INDEX('INDB Full Nutrients'!$D:$D,MATCH(AC78,'INDB Full Nutrients'!$A:$A,0)),"")) | AF78: Topped with malai
A79: D078 | B79: Dry fruit lassi | D79: Lassi & Buttermilk | E79: North | F79: Veg | H79: Beverage | I79: ml | J79: =4*K79+4*(L79-N79)+9*M79+2*N79 -> 112.3 | K79: 3.2 | L79: 15 | M79: 4.5 | N79: 0.5 | O79: 13.5 | P79: 40 | Q79: 200 | R79: 300 | S79: 400 | V79: =IF(Q79="","",J79*Q79/100) -> 224.6 | W79: =IF(R79="","",J79*R79/100) -> 336.9 | X79: =IF(S79="","",J79*S79/100) -> 449.2 | Y79: =IF(T79="","",J79*T79/100) | Z79: =IF(U79="","",J79*U79/100) | AA79: Medium | AB79: Typical-recipe estimate (IFCT 2017 / USDA FDC ingredient data) | AD79: =IF(AC79="","",IFERROR(INDEX('INDB Full Nutrients'!$D:$D,MATCH(AC79,'INDB Full Nutrients'!$A:$A,0)),""))
A80: D079 | B80: Chaas / plain buttermilk (salted) | C80: Chhachh, mattha, majjige | D80: Lassi & Buttermilk | E80: Pan-India | F80: Veg | H80: Beverage | I80: ml | J80: =4*K80+4*(L80-N80)+9*M80+2*N80 -> 16 | K80: 0.9 | L80: 1.3 | M80: 0.8 | N80: 0 | O80: 1.3 | P80: 200 | Q80: 150 | R80: 250 | S80: 350 | V80: =IF(Q80="","",J80*Q80/100) -> 24 | W80: =IF(R80="","",J80*R80/100) -> 40 | X80: =IF(S80="","",J80*S80/100) -> 56 | Y80: =IF(T80="","",J80*T80/100) | Z80: =IF(U80="","",J80*U80/100) | AA80: Medium | AB80: Typical-recipe estimate (IFCT 2017 / USDA FDC ingredient data) | AD80: =IF(AC80="","",IFERROR(INDEX('INDB Full Nutrients'!$D:$D,MATCH(AC80,'INDB Full Nutrients'!$A:$A,0)),"")) | AF80: Curd:water ~1:3
A81: D080 | B81: Masala chaas | C81: Spiced buttermilk | D81: Lassi & Buttermilk | E81: West | F81: Veg | H81: Beverage | I81: ml | J81: =4*K81+4*(L81-N81)+9*M81+2*N81 -> 17 | K81: 0.9 | L81: 1.6 | M81: 0.8 | N81: 0.1 | O81: 1.2 | P81: 250 | Q81: 150 | R81: 250 | S81: 350 | V81: =IF(Q81="","",J81*Q81/100) -> 25.5 | W81: =IF(R81="","",J81*R81/100) -> 42.5 | X81: =IF(S81="","",J81*S81/100) -> 59.5 | Y81: =IF(T81="","",J81*T81/100) | Z81: =IF(U81="","",J81*U81/100) | AA81: Medium | AB81: Typical-recipe estimate (IFCT 2017 / USDA FDC ingredient data) | AD81: =IF(AC81="","",IFERROR(INDEX('INDB Full Nutrients'!$D:$D,MATCH(AC81,'INDB Full Nutrients'!$A:$A,0)),"")) | AF81: With jeera, mint, ginger, chilli
A82: D081 | B82: Neer mor | C82: Kerala/TN spiced buttermilk, sambharam | D82: Lassi & Buttermilk | E82: South | F82: Veg | H82: Beverage | I82: ml | J82: =4*K82+4*(L82-N82)+9*M82+2*N82 -> 12.4 | K82: 0.7 | L82: 1.1 | M82: 0.6 | N82: 0.1 | O82: 1 | P82: 220 | Q82: 150 | R82: 250 | S82: 350 | V82: =IF(Q82="","",J82*Q82/100) -> 18.6 | W82: =IF(R82="","",J82*R82/100) -> 31 | X82: =IF(S82="","",J82*S82/100) -> 43.4 | Y82: =IF(T82="","",J82*T82/100) | Z82: =IF(U82="","",J82*U82/100) | AA82: Medium | AB82: Typical-recipe estimate (IFCT 2017 / USDA FDC ingredient data) | AD82: =IF(AC82="","",IFERROR(INDEX('INDB Full Nutrients'!$D:$D,MATCH(AC82,'INDB Full Nutrients'!$A:$A,0)),"")) | AF82: More diluted
A83: D082 | B83: Banana milkshake | C83: Kela shake | D83: Milkshakes & Milk | E83: Pan-India | F83: Veg | H83: Beverage | I83: ml | J83: =4*K83+4*(L83-N83)+9*M83+2*N83 -> 77.1 | K83: 2.5 | L83: 12.4 | M83: 2.1 | N83: 0.7 | O83: 9.4 | P83: 35 | Q83: 200 | R83: 300 | S83: 400 | V83: =IF(Q83="","",J83*Q83/100) -> 154.2 | W83: =IF(R83="","",J83*R83/100) -> 231.3 | X83: =IF(S83="","",J83*S83/100) -> 308.4 | Y83: =IF(T83="","",J83*T83/100) | Z83: =IF(U83="","",J83*U83/100) | AA83: High | AB83: Agrees with INDB 2024 standard recipe (within 20%) | AC83: ASC016 | AD83: =IF(AC83="","",IFERROR(INDEX('INDB Full Nutrients'!$D:$D,MATCH(AC83,'INDB Full Nutrients'!$A:$A,0)),"")) -> 65.30645 | AE83: INDB 65 kcal/100 g (+18%) | AF83: Toned milk + 1 banana + 2 tsp sugar per ~360 ml
A84: D083 | B84: Mango milkshake | C84: Aam shake | D84: Milkshakes & Milk | E84: Pan-India | F84: Veg | H84: Beverage | I84: ml | J84: =4*K84+4*(L84-N84)+9*M84+2*N84 -> 73.5 | K84: 2.3 | L84: 11.6 | M84: 2.1 | N84: 0.5 | O84: 11.2 | P84: 35 | Q84: 200 | R84: 300 | S84: 400 | V84: =IF(Q84="","",J84*Q84/100) -> 147 | W84: =IF(R84="","",J84*R84/100) -> 220.5 | X84: =IF(S84="","",J84*S84/100) -> 294 | Y84: =IF(T84="","",J84*T84/100) | Z84: =IF(U84="","",J84*U84/100) | AA84: Medium | AB84: Typical-recipe estimate (IFCT 2017 / USDA FDC ingredient data) | AC84: ASC017 | AD84: =IF(AC84="","",IFERROR(INDEX('INDB Full Nutrients'!$D:$D,MATCH(AC84,'INDB Full Nutrients'!$A:$A,0)),"")) -> 56.901123 | AE84: INDB 57 kcal/100 g (+29%) - INDB lower: lighter/thinner recipe, or cooking water counted in weight
A85: D084 | B85: Chikoo milkshake | C85: Sapota shake | D85: Milkshakes & Milk | E85: Pan-India | F85: Veg | H85: Beverage | I85: ml | J85: =4*K85+4*(L85-N85)+9*M85+2*N85 -> 72.4 | K85: 2.3 | L85: 11.6 | M85: 2.2 | N85: 1.5 | O85: 9.9 | P85: 35 | Q85: 200 | R85: 300 | S85: 400 | V85: =IF(Q85="","",J85*Q85/100) -> 144.8 | W85: =IF(R85="","",J85*R85/100) -> 217.2 | X85: =IF(S85="","",J85*S85/100) -> 289.6 | Y85: =IF(T85="","",J85*T85/100) | Z85: =IF(U85="","",J85*U85/100) | AA85: Medium | AB85: Typical-recipe estimate (IFCT 2017 / USDA FDC ingredient data) | AD85: =IF(AC85="","",IFERROR(INDEX('INDB Full Nutrients'!$D:$D,MATCH(AC85,'INDB Full Nutrients'!$A:$A,0)),""))
A86: D085 | B86: Strawberry milkshake | D86: Milkshakes & Milk | E86: Pan-India | F86: Veg | H86: Beverage | I86: ml | J86: =4*K86+4*(L86-N86)+9*M86+2*N86 -> 71.7 | K86: 2.4 | L86: 11 | M86: 2.1 | N86: 0.4 | O86: 10.2 | P86: 35 | Q86: 200 | R86: 300 | S86: 400 | V86: =IF(Q86="","",J86*Q86/100) -> 143.4 | W86: =IF(R86="","",J86*R86/100) -> 215.1 | X86: =IF(S86="","",J86*S86/100) -> 286.8 | Y86: =IF(T86="","",J86*T86/100) | Z86: =IF(U86="","",J86*U86/100) | AA86: Medium | AB86: Typical-recipe estimate (IFCT 2017 / USDA FDC ingredient data) | AD86: =IF(AC86="","",IFERROR(INDEX('INDB Full Nutrients'!$D:$D,MATCH(AC86,'INDB Full Nutrients'!$A:$A,0)),""))
A87: D086 | B87: Chocolate milkshake | D87: Milkshakes & Milk | E87: Pan-India | F87: Veg | H87: Beverage | I87: ml | J87: =4*K87+4*(L87-N87)+9*M87+2*N87 -> 92 | K87: 3 | L87: 13.5 | M87: 3 | N87: 0.5 | O87: 12 | P87: 50 | Q87: 200 | R87: 300 | S87: 400 | V87: =IF(Q87="","",J87*Q87/100) -> 184 | W87: =IF(R87="","",J87*R87/100) -> 276 | X87: =IF(S87="","",J87*S87/100) -> 368 | Y87: =IF(T87="","",J87*T87/100) | Z87: =IF(U87="","",J87*U87/100) | AA87: Medium | AB87: Typical-recipe estimate (IFCT 2017 / USDA FDC ingredient data) | AD87: =IF(AC87="","",IFERROR(INDEX('INDB Full Nutrients'!$D:$D,MATCH(AC87,'INDB Full Nutrients'!$A:$A,0)),""))
A88: D087 | B88: Sitaphal (custard apple) milkshake | D88: Milkshakes & Milk | E88: Pan-India | F88: Veg | H88: Beverage | I88: ml | J88: =4*K88+4*(L88-N88)+9*M88+2*N88 -> 85.1 | K88: 2.6 | L88: 14 | M88: 2.3 | N88: 1 | O88: 11 | P88: 35 | Q88: 200 | R88: 300 | S88: 400 | V88: =IF(Q88="","",J88*Q88/100) -> 170.2 | W88: =IF(R88="","",J88*R88/100) -> 255.3 | X88: =IF(S88="","",J88*S88/100) -> 340.4 | Y88: =IF(T88="","",J88*T88/100) | Z88: =IF(U88="","",J88*U88/100) | AA88: Medium | AB88: Typical-recipe estimate (IFCT 2017 / USDA FDC ingredient data) | AD88: =IF(AC88="","",IFERROR(INDEX('INDB Full Nutrients'!$D:$D,MATCH(AC88,'INDB Full Nutrients'!$A:$A,0)),""))
A89: D088 | B89: Papaya milkshake | D89: Milkshakes & Milk | E89: Pan-India | F89: Veg | H89: Beverage | I89: ml | J89: =4*K89+4*(L89-N89)+9*M89+2*N89 -> 65.1 | K89: 2.3 | L89: 9.5 | M89: 2.1 | N89: 0.5 | O89: 8.5 | P89: 35 | Q89: 200 | R89: 300 | S89: 400 | V89: =IF(Q89="","",J89*Q89/100) -> 130.2 | W89: =IF(R89="","",J89*R89/100) -> 195.3 | X89: =IF(S89="","",J89*S89/100) -> 260.4 | Y89: =IF(T89="","",J89*T89/100) | Z89: =IF(U89="","",J89*U89/100) | AA89: Medium | AB89: Typical-recipe estimate (IFCT 2017 / USDA FDC ingredient data) | AD89: =IF(AC89="","",IFERROR(INDEX('INDB Full Nutrients'!$D:$D,MATCH(AC89,'INDB Full Nutrients'!$A:$A,0)),""))
A90: D089 | B90: Dry fruit milkshake | D90: Milkshakes & Milk | E90: Pan-India | F90: Veg | H90: Beverage | I90: ml | J90: =4*K90+4*(L90-N90)+9*M90+2*N90 -> 110.6 | K90: 3.8 | L90: 13 | M90: 5 | N90: 0.8 | O90: 11 | P90: 40 | Q90: 200 | R90: 300 | S90: 400 | V90: =IF(Q90="","",J90*Q90/100) -> 221.2 | W90: =IF(R90="","",J90*R90/100) -> 331.8 | X90: =IF(S90="","",J90*S90/100) -> 442.4 | Y90: =IF(T90="","",J90*T90/100) | Z90: =IF(U90="","",J90*U90/100) | AA90: Medium | AB90: Typical-recipe estimate (IFCT 2017 / USDA FDC ingredient data) | AD90: =IF(AC90="","",IFERROR(INDEX('INDB Full Nutrients'!$D:$D,MATCH(AC90,'INDB Full Nutrients'!$A:$A,0)),""))
A91: D090 | B91: Thick shake with ice cream (any flavour) | D91: Milkshakes & Milk | E91: Pan-India | F91: Veg | H91: Beverage | I91: ml | J91: =4*K91+4*(L91-N91)+9*M91+2*N91 -> 119.9 | K91: 3 | L91: 17 | M91: 4.5 | N91: 0.3 | O91: 15.5 | P91: 50 | Q91: 200 | R91: 300 | S91: 400 | V91: =IF(Q91="","",J91*Q91/100) -> 239.8 | W91: =IF(R91="","",J91*R91/100) -> 359.7 | X91: =IF(S91="","",J91*S91/100) -> 479.6 | Y91: =IF(T91="","",J91*T91/100) | Z91: =IF(U91="","",J91*U91/100) | AA91: Medium | AB91: Typical-recipe estimate (IFCT 2017 / USDA FDC ingredient data) | AC91: BFP607 | AD91: =IF(AC91="","",IFERROR(INDEX('INDB Full Nutrients'!$D:$D,MATCH(AC91,'INDB Full Nutrients'!$A:$A,0)),"")) -> 68.350296 | AE91: INDB 68 kcal/100 g (+75%) - INDB lower: lighter/thinner recipe, or cooking water counted in weight
A92: D091 | B92: Milk - toned (3% fat) | C92: Doodh | D92: Milkshakes & Milk | E92: Pan-India | F92: Veg | H92: Beverage | I92: ml | J92: =4*K92+4*(L92-N92)+9*M92+2*N92 -> 58.2 | K92: 3.1 | L92: 4.7 | M92: 3 | N92: 0 | O92: 4.7 | P92: 45 | Q92: 150 | R92: 200 | S92: 300 | V92: =IF(Q92="","",J92*Q92/100) -> 87.3 | W92: =IF(R92="","",J92*R92/100) -> 116.4 | X92: =IF(S92="","",J92*S92/100) -> 174.6 | Y92: =IF(T92="","",J92*T92/100) | Z92: =IF(U92="","",J92*U92/100) | AA92: High | AB92: Ingredient composition data (USDA FDC / IFCT 2017) | AD92: =IF(AC92="","",IFERROR(INDEX('INDB Full Nutrients'!$D:$D,MATCH(AC92,'INDB Full Nutrients'!$A:$A,0)),"")) | AF92: Plain, no sugar
A93: D092 | B93: Milk - full cream (6% fat) | C93: Buffalo/full cream milk | D93: Milkshakes & Milk | E93: Pan-India | F93: Veg | H93: Beverage | I93: ml | J93: =4*K93+4*(L93-N93)+9*M93+2*N93 -> 86.8 | K93: 3.3 | L93: 4.9 | M93: 6 | N93: 0 | O93: 4.9 | P93: 40 | Q93: 150 | R93: 200 | S93: 300 | V93: =IF(Q93="","",J93*Q93/100) -> 130.2 | W93: =IF(R93="","",J93*R93/100) -> 173.6 | X93: =IF(S93="","",J93*S93/100) -> 260.4 | Y93: =IF(T93="","",J93*T93/100) | Z93: =IF(U93="","",J93*U93/100) | AA93: High | AB93: Ingredient composition data (USDA FDC / IFCT 2017) | AD93: =IF(AC93="","",IFERROR(INDEX('INDB Full Nutrients'!$D:$D,MATCH(AC93,'INDB Full Nutrients'!$A:$A,0)),"")) | AF93: Plain, no sugar
A94: D093 | B94: Milk - double toned (1.5% fat) | C94: Skimmed-ish milk | D94: Milkshakes & Milk | E94: Pan-India | F94: Veg | H94: Beverage | I94: ml | J94: =4*K94+4*(L94-N94)+9*M94+2*N94 -> 45.9 | K94: 3.2 | L94: 4.9 | M94: 1.5 | N94: 0 | O94: 4.9 | P94: 45 | Q94: 150 | R94: 200 | S94: 300 | V94: =IF(Q94="","",J94*Q94/100) -> 68.85 | W94: =IF(R94="","",J94*R94/100) -> 91.8 | X94: =IF(S94="","",J94*S94/100) -> 137.7 | Y94: =IF(T94="","",J94*T94/100) | Z94: =IF(U94="","",J94*U94/100) | AA94: High | AB94: Ingredient composition data (USDA FDC / IFCT 2017) | AD94: =IF(AC94="","",IFERROR(INDEX('INDB Full Nutrients'!$D:$D,MATCH(AC94,'INDB Full Nutrients'!$A:$A,0)),"")) | AF94: Plain, no sugar
A95: D094 | B95: Poha (kanda/Indori, with peanuts) | C95: Aval, chivda poha | D95: Breakfast - North & West | E95: West | F95: Veg | G95: Yes | H95: Breakfast | I95: g | J95: =4*K95+4*(L95-N95)+9*M95+2*N95 -> 165.4 | K95: 3.6 | L95: 25.5 | M95: 5.8 | N95: 1.6 | O95: 1.8 | P95: 320 | Q95: 100 | R95: 175 | S95: 250 | V95: =IF(Q95="","",J95*Q95/100) -> 165.4 | W95: =IF(R95="","",J95*R95/100) -> 289.45 | X95: =IF(S95="","",J95*S95/100) -> 413.5 | Y95: =IF(T95="","",J95*T95/100) | Z95: =IF(U95="","",J95*U95/100) | AA95: Medium | AB95: Typical-recipe estimate (IFCT 2017 / USDA FDC ingredient data) | AC95: BFP044 | AD95: =IF(AC95="","",IFERROR(INDEX('INDB Full Nutrients'!$D:$D,MATCH(AC95,'INDB Full Nutrients'!$A:$A,0)),"")) -> 294.52551 | AE95: INDB 295 kcal/100 g (-44%) - INDB higher: cooking water likely not counted in weight, or more oil
A96: D095 | B96: Upma (rava) | C96: Uppittu, khara bath | D96: Breakfast - North & West | E96: South | F96: Veg | H96: Breakfast | I96: g | J96: =4*K96+4*(L96-N96)+9*M96+2*N96 -> 149.1 | K96: 3.5 | L96: 22 | M96: 5.5 | N96: 1.2 | O96: 1 | P96: 330 | Q96: 100 | R96: 175 | S96: 250 | V96: =IF(Q96="","",J96*Q96/100) -> 149.1 | W96: =IF(R96="","",J96*R96/100) -> 260.925 | X96: =IF(S96="","",J96*S96/100) -> 372.75 | Y96: =IF(T96="","",J96*T96/100) | Z96: =IF(U96="","",J96*U96/100) | AA96: High | AB96: Agrees with INDB 2024 standard recipe (within 20%) | AC96: BFP039 | AD96: =IF(AC96="","",IFERROR(INDEX('INDB Full Nutrients'!$D:$D,MATCH(AC96,'INDB Full Nutrients'!$A:$A,0)),"")) -> 147.89262 | AE96: INDB 148 kcal/100 g (+1%)
A97: D096 | B97: Vegetable upma | D97: Breakfast - North & West | E97: South | F97: Veg | H97: Breakfast | I97: g | J97: =4*K97+4*(L97-N97)+9*M97+2*N97 -> 136.8 | K97: 3.3 | L97: 20 | M97: 5.2 | N97: 1.6 | O97: 1.5 | P97: 330 | Q97: 100 | R97: 175 | S97: 250 | V97: =IF(Q97="","",J97*Q97/100) -> 136.8 | W97: =IF(R97="","",J97*R97/100) -> 239.4 | X97: =IF(S97="","",J97*S97/100) -> 342 | Y97: =IF(T97="","",J97*T97/100) | Z97: =IF(U97="","",J97*U97/100) | AA97: High | AB97: Agrees with INDB 2024 standard recipe (within 20%) | AC97: BFP043 | AD97: =IF(AC97="","",IFERROR(INDEX('INDB Full Nutrients'!$D:$D,MATCH(AC97,'INDB Full Nutrients'!$A:$A,0)),"")) -> 146.46817 | AE97: INDB 146 kcal/100 g (-7%)
A98: D097 | B98: Sabudana khichdi | C98: Sago khichdi | D98: Breakfast - North & West | E98: West | F98: Veg | H98: Breakfast | I98: g | J98: =4*K98+4*(L98-N98)+9*M98+2*N98 -> 203.5 | K98: 2.5 | L98: 32 | M98: 7.5 | N98: 1 | O98: 1 | P98: 280 | Q98: 100 | R98: 175 | S98: 250 | V98: =IF(Q98="","",J98*Q98/100) -> 203.5 | W98: =IF(R98="","",J98*R98/100) -> 356.125 | X98: =IF(S98="","",J98*S98/100) -> 508.75 | Y98: =IF(T98="","",J98*T98/100) | Z98: =IF(U98="","",J98*U98/100) | AA98: High | AB98: Agrees with INDB 2024 standard recipe (within 20%) | AC98: OSR099 | AD98: =IF(AC98="","",IFERROR(INDEX('INDB Full Nutrients'!$D:$D,MATCH(AC98,'INDB Full Nutrients'!$A:$A,0)),"")) -> 187.16447 | AE98: INDB 187 kcal/100 g (+9%) | AF98: With peanuts, ghee/oil
A99: D098 | B99: Daliya - namkeen (vegetable) | C99: Broken wheat upma | D99: Breakfast - North & West | E99: North | F99: Veg | H99: Breakfast | I99: g | J99: =4*K99+4*(L99-N99)+9*M99+2*N99 -> 101.7 | K99: 3.2 | L99: 18 | M99: 2.5 | N99: 2.8 | O99: 1.5 | P99: 280 | Q99: 100 | R99: 175 | S99: 250 | V99: =IF(Q99="","",J99*Q99/100) -> 101.7 | W99: =IF(R99="","",J99*R99/100) -> 177.975 | X99: =IF(S99="","",J99*S99/100) -> 254.25 | Y99: =IF(T99="","",J99*T99/100) | Z99: =IF(U99="","",J99*U99/100) | AA99: Medium | AB99: Typical-recipe estimate (IFCT 2017 / USDA FDC ingredient data) | AC99: BFP577 | AD99: =IF(AC99="","",IFERROR(INDEX('INDB Full Nutrients'!$D:$D,MATCH(AC99,'INDB Full Nutrients'!$A:$A,0)),"")) -> 295.11063 | AE99: INDB 295 kcal/100 g (-66%) - INDB higher: cooking water likely not counted in weight, or more oil
A100: D099 | B100: Daliya - sweet (with milk) | C100: Meetha daliya | D100: Breakfast - North & West | E100: North | F100: Veg | H100: Breakfast | I100: g | J100: =4*K100+4*(L100-N100)+9*M100+2*N100 -> 97.5 | K100: 3.5 | L100: 16 | M100: 2.5 | N100: 1.5 | O100: 7.5 | P100: 30 | Q100: 100 | R100: 175 | S100: 250 | V100: =IF(Q100="","",J100*Q100/100) -> 97.5 | W100: =IF(R100="","",J100*R100/100) -> 170.625 | X100: =IF(S100="","",J100*S100/100) -> 243.75 | Y100: =IF(T100="","",J100*T100/100) | Z100: =IF(U100="","",J100*U100/100) | AA100: High | AB100: Agrees with INDB 2024 standard recipe (within 20%) | AC100: ASC047 | AD100: =IF(AC100="","",IFERROR(INDEX('INDB Full Nutrients'!$D:$D,MATCH(AC100,'INDB Full Nutrients'!$A:$A,0)),"")) -> 81.56514 | AE100: INDB 82 kcal/100 g (+20%)
...

Sheet Portion Nutrition
A1: ID | B1: Dish | C1: Category | D1: Veg / Egg / Non-Veg | E1: Region | F1: Portion | G1: Portion description | H1: Quantity | I1: Unit | J1: Energy (kcal) | K1: Protein (g) | L1: Carbs (g) | M1: Fat (g) | N1: Fibre (g) | O1: Sugar (g) | P1: Sodium (mg)
A2: ='Dish Database'!A2 -> D001 | B2: ='Dish Database'!B2 -> Masala chai (milk + sugar) | C2: ='Dish Database'!D2 -> Hot Beverages | D2: ='Dish Database'!F2 -> Veg | E2: ='Dish Database'!E2 -> Pan-India | F2: Small | G2: Cutting / small cup (75 ml) | H2: 75 | I2: ='Dish Database'!I2 -> ml | J2: ='Dish Database'!J2*H2/100 -> 41.625 | K2: ='Dish Database'!K2*H2/100 -> 1.2 | L2: ='Dish Database'!L2*H2/100 -> 6.675 | M2: ='Dish Database'!M2*H2/100 -> 1.125 | N2: ='Dish Database'!N2*H2/100 -> 0 | O2: ='Dish Database'!O2*H2/100 -> 6.675 | P2: ='Dish Database'!P2*H2/100 -> 16.5
A3: ='Dish Database'!A2 -> D001 | B3: ='Dish Database'!B2 -> Masala chai (milk + sugar) | C3: ='Dish Database'!D2 -> Hot Beverages | D3: ='Dish Database'!F2 -> Veg | E3: ='Dish Database'!E2 -> Pan-India | F3: Medium | G3: 1 cup (150 ml) | H3: 150 | I3: ='Dish Database'!I2 -> ml | J3: ='Dish Database'!J2*H3/100 -> 83.25 | K3: ='Dish Database'!K2*H3/100 -> 2.4 | L3: ='Dish Database'!L2*H3/100 -> 13.35 | M3: ='Dish Database'!M2*H3/100 -> 2.25 | N3: ='Dish Database'!N2*H3/100 -> 0 | O3: ='Dish Database'!O2*H3/100 -> 13.35 | P3: ='Dish Database'!P2*H3/100 -> 33
A4: ='Dish Database'!A2 -> D001 | B4: ='Dish Database'!B2 -> Masala chai (milk + sugar) | C4: ='Dish Database'!D2 -> Hot Beverages | D4: ='Dish Database'!F2 -> Veg | E4: ='Dish Database'!E2 -> Pan-India | F4: Large | G4: Mug (250 ml) | H4: 250 | I4: ='Dish Database'!I2 -> ml | J4: ='Dish Database'!J2*H4/100 -> 138.75 | K4: ='Dish Database'!K2*H4/100 -> 4 | L4: ='Dish Database'!L2*H4/100 -> 22.25 | M4: ='Dish Database'!M2*H4/100 -> 3.75 | N4: ='Dish Database'!N2*H4/100 -> 0 | O4: ='Dish Database'!O2*H4/100 -> 22.25 | P4: ='Dish Database'!P2*H4/100 -> 55
A5: ='Dish Database'!A3 -> D002 | B5: ='Dish Database'!B3 -> Tea with milk, no sugar | C5: ='Dish Database'!D3 -> Hot Beverages | D5: ='Dish Database'!F3 -> Veg | E5: ='Dish Database'!E3 -> Pan-India | F5: Small | G5: Cutting / small cup (75 ml) | H5: 75 | I5: ='Dish Database'!I3 -> ml | J5: ='Dish Database'!J3*H5/100 -> 22.125 | K5: ='Dish Database'!K3*H5/100 -> 1.2 | L5: ='Dish Database'!L3*H5/100 -> 1.8 | M5: ='Dish Database'!M3*H5/100 -> 1.125 | N5: ='Dish Database'!N3*H5/100 -> 0 | O5: ='Dish Database'!O3*H5/100 -> 1.8 | P5: ='Dish Database'!P3*H5/100 -> 16.5
A6: ='Dish Database'!A3 -> D002 | B6: ='Dish Database'!B3 -> Tea with milk, no sugar | C6: ='Dish Database'!D3 -> Hot Beverages | D6: ='Dish Database'!F3 -> Veg | E6: ='Dish Database'!E3 -> Pan-India | F6: Medium | G6: 1 cup (150 ml) | H6: 150 | I6: ='Dish Database'!I3 -> ml | J6: ='Dish Database'!J3*H6/100 -> 44.25 | K6: ='Dish Database'!K3*H6/100 -> 2.4 | L6: ='Dish Database'!L3*H6/100 -> 3.6 | M6: ='Dish Database'!M3*H6/100 -> 2.25 | N6: ='Dish Database'!N3*H6/100 -> 0 | O6: ='Dish Database'!O3*H6/100 -> 3.6 | P6: ='Dish Database'!P3*H6/100 -> 33
A7: ='Dish Database'!A3 -> D002 | B7: ='Dish Database'!B3 -> Tea with milk, no sugar | C7: ='Dish Database'!D3 -> Hot Beverages | D7: ='Dish Database'!F3 -> Veg | E7: ='Dish Database'!E3 -> Pan-India | F7: Large | G7: Mug (250 ml) | H7: 250 | I7: ='Dish Database'!I3 -> ml | J7: ='Dish Database'!J3*H7/100 -> 73.75 | K7: ='Dish Database'!K3*H7/100 -> 4 | L7: ='Dish Database'!L3*H7/100 -> 6 | M7: ='Dish Database'!M3*H7/100 -> 3.75 | N7: ='Dish Database'!N3*H7/100 -> 0 | O7: ='Dish Database'!O3*H7/100 -> 6 | P7: ='Dish Database'!P3*H7/100 -> 55
A8: ='Dish Database'!A4 -> D003 | B8: ='Dish Database'!B4 -> Cutting chai (strong, extra milk & sugar) | C8: ='Dish Database'!D4 -> Hot Beverages | D8: ='Dish Database'!F4 -> Veg | E8: ='Dish Database'!E4 -> West | F8: Small | G8: Cutting / small cup (75 ml) | H8: 75 | I8: ='Dish Database'!I4 -> ml | J8: ='Dish Database'!J4*H8/100 -> 51 | K8: ='Dish Database'!K4*H8/100 -> 1.5 | L8: ='Dish Database'!L4*H8/100 -> 7.875 | M8: ='Dish Database'!M4*H8/100 -> 1.5 | N8: ='Dish Database'!N4*H8/100 -> 0 | O8: ='Dish Database'!O4*H8/100 -> 7.875 | P8: ='Dish Database'!P4*H8/100 -> 21
A9: ='Dish Database'!A4 -> D003 | B9: ='Dish Database'!B4 -> Cutting chai (strong, extra milk & sugar) | C9: ='Dish Database'!D4 -> Hot Beverages | D9: ='Dish Database'!F4 -> Veg | E9: ='Dish Database'!E4 -> West | F9: Medium | G9: 1 cup (150 ml) | H9: 150 | I9: ='Dish Database'!I4 -> ml | J9: ='Dish Database'!J4*H9/100 -> 102 | K9: ='Dish Database'!K4*H9/100 -> 3 | L9: ='Dish Database'!L4*H9/100 -> 15.75 | M9: ='Dish Database'!M4*H9/100 -> 3 | N9: ='Dish Database'!N4*H9/100 -> 0 | O9: ='Dish Database'!O4*H9/100 -> 15.75 | P9: ='Dish Database'!P4*H9/100 -> 42
A10: ='Dish Database'!A4 -> D003 | B10: ='Dish Database'!B4 -> Cutting chai (strong, extra milk & sugar) | C10: ='Dish Database'!D4 -> Hot Beverages | D10: ='Dish Database'!F4 -> Veg | E10: ='Dish Database'!E4 -> West | F10: Large | G10: Mug (250 ml) | H10: 250 | I10: ='Dish Database'!I4 -> ml | J10: ='Dish Database'!J4*H10/100 -> 170 | K10: ='Dish Database'!K4*H10/100 -> 5 | L10: ='Dish Database'!L4*H10/100 -> 26.25 | M10: ='Dish Database'!M4*H10/100 -> 5 | N10: ='Dish Database'!N4*H10/100 -> 0 | O10: ='Dish Database'!O4*H10/100 -> 26.25 | P10: ='Dish Database'!P4*H10/100 -> 70
A11: ='Dish Database'!A5 -> D004 | B11: ='Dish Database'!B5 -> Irani chai | C11: ='Dish Database'!D5 -> Hot Beverages | D11: ='Dish Database'!F5 -> Veg | E11: ='Dish Database'!E5 -> South | F11: Small | G11: Cutting / small cup (75 ml) | H11: 75 | I11: ='Dish Database'!I5 -> ml | J11: ='Dish Database'!J5*H11/100 -> 63.75 | K11: ='Dish Database'!K5*H11/100 -> 1.875 | L11: ='Dish Database'!L5*H11/100 -> 9 | M11: ='Dish Database'!M5*H11/100 -> 2.25 | N11: ='Dish Database'!N5*H11/100 -> 0 | O11: ='Dish Database'!O5*H11/100 -> 9 | P11: ='Dish Database'!P5*H11/100 -> 26.25
A12: ='Dish Database'!A5 -> D004 | B12: ='Dish Database'!B5 -> Irani chai | C12: ='Dish Database'!D5 -> Hot Beverages | D12: ='Dish Database'!F5 -> Veg | E12: ='Dish Database'!E5 -> South | F12: Medium | G12: 1 cup (150 ml) | H12: 150 | I12: ='Dish Database'!I5 -> ml | J12: ='Dish Database'!J5*H12/100 -> 127.5 | K12: ='Dish Database'!K5*H12/100 -> 3.75 | L12: ='Dish Database'!L5*H12/100 -> 18 | M12: ='Dish Database'!M5*H12/100 -> 4.5 | N12: ='Dish Database'!N5*H12/100 -> 0 | O12: ='Dish Database'!O5*H12/100 -> 18 | P12: ='Dish Database'!P5*H12/100 -> 52.5
A13: ='Dish Database'!A5 -> D004 | B13: ='Dish Database'!B5 -> Irani chai | C13: ='Dish Database'!D5 -> Hot Beverages | D13: ='Dish Database'!F5 -> Veg | E13: ='Dish Database'!E5 -> South | F13: Large | G13: Mug (250 ml) | H13: 250 | I13: ='Dish Database'!I5 -> ml | J13: ='Dish Database'!J5*H13/100 -> 212.5 | K13: ='Dish Database'!K5*H13/100 -> 6.25 | L13: ='Dish Database'!L5*H13/100 -> 30 | M13: ='Dish Database'!M5*H13/100 -> 7.5 | N13: ='Dish Database'!N5*H13/100 -> 0 | O13: ='Dish Database'!O5*H13/100 -> 30 | P13: ='Dish Database'!P5*H13/100 -> 87.5
A14: ='Dish Database'!A6 -> D005 | B14: ='Dish Database'!B6 -> Black tea, no sugar | C14: ='Dish Database'!D6 -> Hot Beverages | D14: ='Dish Database'!F6 -> Veg | E14: ='Dish Database'!E6 -> Pan-India | F14: Small | G14: Cutting / small cup (75 ml) | H14: 75 | I14: ='Dish Database'!I6 -> ml | J14: ='Dish Database'!J6*H14/100 -> 0.9 | K14: ='Dish Database'!K6*H14/100 -> 0 | L14: ='Dish Database'!L6*H14/100 -> 0.225 | M14: ='Dish Database'!M6*H14/100 -> 0 | N14: ='Dish Database'!N6*H14/100 -> 0 | O14: ='Dish Database'!O6*H14/100 -> 0 | P14: ='Dish Database'!P6*H14/100 -> 2.25
A15: ='Dish Database'!A6 -> D005 | B15: ='Dish Database'!B6 -> Black tea, no sugar | C15: ='Dish Database'!D6 -> Hot Beverages | D15: ='Dish Database'!F6 -> Veg | E15: ='Dish Database'!E6 -> Pan-India | F15: Medium | G15: 1 cup (150 ml) | H15: 150 | I15: ='Dish Database'!I6 -> ml | J15: ='Dish Database'!J6*H15/100 -> 1.8 | K15: ='Dish Database'!K6*H15/100 -> 0 | L15: ='Dish Database'!L6*H15/100 -> 0.45 | M15: ='Dish Database'!M6*H15/100 -> 0 | N15: ='Dish Database'!N6*H15/100 -> 0 | O15: ='Dish Database'!O6*H15/100 -> 0 | P15: ='Dish Database'!P6*H15/100 -> 4.5
A16: ='Dish Database'!A6 -> D005 | B16: ='Dish Database'!B6 -> Black tea, no sugar | C16: ='Dish Database'!D6 -> Hot Beverages | D16: ='Dish Database'!F6 -> Veg | E16: ='Dish Database'!E6 -> Pan-India | F16: Large | G16: Mug (250 ml) | H16: 250 | I16: ='Dish Database'!I6 -> ml | J16: ='Dish Database'!J6*H16/100 -> 3 | K16: ='Dish Database'!K6*H16/100 -> 0 | L16: ='Dish Database'!L6*H16/100 -> 0.75 | M16: ='Dish Database'!M6*H16/100 -> 0 | N16: ='Dish Database'!N6*H16/100 -> 0 | O16: ='Dish Database'!O6*H16/100 -> 0 | P16: ='Dish Database'!P6*H16/100 -> 7.5
A17: ='Dish Database'!A7 -> D006 | B17: ='Dish Database'!B7 -> Lemon tea with sugar | C17: ='Dish Database'!D7 -> Hot Beverages | D17: ='Dish Database'!F7 -> Veg | E17: ='Dish Database'!E7 -> Pan-India | F17: Small | G17: Cutting / small cup (75 ml) | H17: 75 | I17: ='Dish Database'!I7 -> ml | J17: ='Dish Database'!J7*H17/100 -> 15 | K17: ='Dish Database'!K7*H17/100 -> 0 | L17: ='Dish Database'!L7*H17/100 -> 3.75 | M17: ='Dish Database'!M7*H17/100 -> 0 | N17: ='Dish Database'!N7*H17/100 -> 0 | O17: ='Dish Database'!O7*H17/100 -> 3.75 | P17: ='Dish Database'!P7*H17/100 -> 2.25
A18: ='Dish Database'!A7 -> D006 | B18: ='Dish Database'!B7 -> Lemon tea with sugar | C18: ='Dish Database'!D7 -> Hot Beverages | D18: ='Dish Database'!F7 -> Veg | E18: ='Dish Database'!E7 -> Pan-India | F18: Medium | G18: 1 cup (150 ml) | H18: 150 | I18: ='Dish Database'!I7 -> ml | J18: ='Dish Database'!J7*H18/100 -> 30 | K18: ='Dish Database'!K7*H18/100 -> 0 | L18: ='Dish Database'!L7*H18/100 -> 7.5 | M18: ='Dish Database'!M7*H18/100 -> 0 | N18: ='Dish Database'!N7*H18/100 -> 0 | O18: ='Dish Database'!O7*H18/100 -> 7.5 | P18: ='Dish Database'!P7*H18/100 -> 4.5
A19: ='Dish Database'!A7 -> D006 | B19: ='Dish Database'!B7 -> Lemon tea with sugar | C19: ='Dish Database'!D7 -> Hot Beverages | D19: ='Dish Database'!F7 -> Veg | E19: ='Dish Database'!E7 -> Pan-India | F19: Large | G19: Mug (250 ml) | H19: 250 | I19: ='Dish Database'!I7 -> ml | J19: ='Dish Database'!J7*H19/100 -> 50 | K19: ='Dish Database'!K7*H19/100 -> 0 | L19: ='Dish Database'!L7*H19/100 -> 12.5 | M19: ='Dish Database'!M7*H19/100 -> 0 | N19: ='Dish Database'!N7*H19/100 -> 0 | O19: ='Dish Database'!O7*H19/100 -> 12.5 | P19: ='Dish Database'!P7*H19/100 -> 7.5
A20: ='Dish Database'!A8 -> D007 | B20: ='Dish Database'!B8 -> Green tea, no sugar | C20: ='Dish Database'!D8 -> Hot Beverages | D20: ='Dish Database'!F8 -> Veg | E20: ='Dish Database'!E8 -> Pan-India | F20: Small | G20: Cutting / small cup (75 ml) | H20: 75 | I20: ='Dish Database'!I8 -> ml | J20: ='Dish Database'!J8*H20/100 -> 0.6 | K20: ='Dish Database'!K8*H20/100 -> 0.15 | L20: ='Dish Database'!L8*H20/100 -> 0 | M20: ='Dish Database'!M8*H20/100 -> 0 | N20: ='Dish Database'!N8*H20/100 -> 0 | O20: ='Dish Database'!O8*H20/100 -> 0 | P20: ='Dish Database'!P8*H20/100 -> 0.75
A21: ='Dish Database'!A8 -> D007 | B21: ='Dish Database'!B8 -> Green tea, no sugar | C21: ='Dish Database'!D8 -> Hot Beverages | D21: ='Dish Database'!F8 -> Veg | E21: ='Dish Database'!E8 -> Pan-India | F21: Medium | G21: 1 cup (150 ml) | H21: 150 | I21: ='Dish Database'!I8 -> ml | J21: ='Dish Database'!J8*H21/100 -> 1.2 | K21: ='Dish Database'!K8*H21/100 -> 0.3 | L21: ='Dish Database'!L8*H21/100 -> 0 | M21: ='Dish Database'!M8*H21/100 -> 0 | N21: ='Dish Database'!N8*H21/100 -> 0 | O21: ='Dish Database'!O8*H21/100 -> 0 | P21: ='Dish Database'!P8*H21/100 -> 1.5
A22: ='Dish Database'!A8 -> D007 | B22: ='Dish Database'!B8 -> Green tea, no sugar | C22: ='Dish Database'!D8 -> Hot Beverages | D22: ='Dish Database'!F8 -> Veg | E22: ='Dish Database'!E8 -> Pan-India | F22: Large | G22: Mug (250 ml) | H22: 250 | I22: ='Dish Database'!I8 -> ml | J22: ='Dish Database'!J8*H22/100 -> 2 | K22: ='Dish Database'!K8*H22/100 -> 0.5 | L22: ='Dish Database'!L8*H22/100 -> 0 | M22: ='Dish Database'!M8*H22/100 -> 0 | N22: ='Dish Database'!N8*H22/100 -> 0 | O22: ='Dish Database'!O8*H22/100 -> 0 | P22: ='Dish Database'!P8*H22/100 -> 2.5
A23: ='Dish Database'!A9 -> D008 | B23: ='Dish Database'!B9 -> South Indian filter coffee (milk + sugar) | C23: ='Dish Database'!D9 -> Hot Beverages | D23: ='Dish Database'!F9 -> Veg | E23: ='Dish Database'!E9 -> South | F23: Small | G23: Cutting / small cup (75 ml) | H23: 75 | I23: ='Dish Database'!I9 -> ml | J23: ='Dish Database'!J9*H23/100 -> 53.175 | K23: ='Dish Database'!K9*H23/100 -> 1.95 | L23: ='Dish Database'!L9*H23/100 -> 7.125 | M23: ='Dish Database'!M9*H23/100 -> 1.875 | N23: ='Dish Database'!N9*H23/100 -> 0 | O23: ='Dish Database'!O9*H23/100 -> 7.125 | P23: ='Dish Database'!P9*H23/100 -> 26.25
A24: ='Dish Database'!A9 -> D008 | B24: ='Dish Database'!B9 -> South Indian filter coffee (milk + sugar) | C24: ='Dish Database'!D9 -> Hot Beverages | D24: ='Dish Database'!F9 -> Veg | E24: ='Dish Database'!E9 -> South | F24: Medium | G24: 1 cup (150 ml) | H24: 150 | I24: ='Dish Database'!I9 -> ml | J24: ='Dish Database'!J9*H24/100 -> 106.35 | K24: ='Dish Database'!K9*H24/100 -> 3.9 | L24: ='Dish Database'!L9*H24/100 -> 14.25 | M24: ='Dish Database'!M9*H24/100 -> 3.75 | N24: ='Dish Database'!N9*H24/100 -> 0 | O24: ='Dish Database'!O9*H24/100 -> 14.25 | P24: ='Dish Database'!P9*H24/100 -> 52.5
A25: ='Dish Database'!A9 -> D008 | B25: ='Dish Database'!B9 -> South Indian filter coffee (milk + sugar) | C25: ='Dish Database'!D9 -> Hot Beverages | D25: ='Dish Database'!F9 -> Veg | E25: ='Dish Database'!E9 -> South | F25: Large | G25: Mug (250 ml) | H25: 250 | I25: ='Dish Database'!I9 -> ml | J25: ='Dish Database'!J9*H25/100 -> 177.25 | K25: ='Dish Database'!K9*H25/100 -> 6.5 | L25: ='Dish Database'!L9*H25/100 -> 23.75 | M25: ='Dish Database'!M9*H25/100 -> 6.25 | N25: ='Dish Database'!N9*H25/100 -> 0 | O25: ='Dish Database'!O9*H25/100 -> 23.75 | P25: ='Dish Database'!P9*H25/100 -> 87.5
A26: ='Dish Database'!A10 -> D009 | B26: ='Dish Database'!B10 -> Instant coffee with milk & sugar | C26: ='Dish Database'!D10 -> Hot Beverages | D26: ='Dish Database'!F10 -> Veg | E26: ='Dish Database'!E10 -> Pan-India | F26: Small | G26: Cutting / small cup (75 ml) | H26: 75 | I26: ='Dish Database'!I10 -> ml | J26: ='Dish Database'!J10*H26/100 -> 55.8 | K26: ='Dish Database'!K10*H26/100 -> 2.1 | L26: ='Dish Database'!L10*H26/100 -> 7.125 | M26: ='Dish Database'!M10*H26/100 -> 2.1 | N26: ='Dish Database'!N10*H26/100 -> 0 | O26: ='Dish Database'!O10*H26/100 -> 7.125 | P26: ='Dish Database'!P10*H26/100 -> 30
A27: ='Dish Database'!A10 -> D009 | B27: ='Dish Database'!B10 -> Instant coffee with milk & sugar | C27: ='Dish Database'!D10 -> Hot Beverages | D27: ='Dish Database'!F10 -> Veg | E27: ='Dish Database'!E10 -> Pan-India | F27: Medium | G27: 1 cup (150 ml) | H27: 150 | I27: ='Dish Database'!I10 -> ml | J27: ='Dish Database'!J10*H27/100 -> 111.6 | K27: ='Dish Database'!K10*H27/100 -> 4.2 | L27: ='Dish Database'!L10*H27/100 -> 14.25 | M27: ='Dish Database'!M10*H27/100 -> 4.2 | N27: ='Dish Database'!N10*H27/100 -> 0 | O27: ='Dish Database'!O10*H27/100 -> 14.25 | P27: ='Dish Database'!P10*H27/100 -> 60
A28: ='Dish Database'!A10 -> D009 | B28: ='Dish Database'!B10 -> Instant coffee with milk & sugar | C28: ='Dish Database'!D10 -> Hot Beverages | D28: ='Dish Database'!F10 -> Veg | E28: ='Dish Database'!E10 -> Pan-India | F28: Large | G28: Mug (250 ml) | H28: 250 | I28: ='Dish Database'!I10 -> ml | J28: ='Dish Database'!J10*H28/100 -> 186 | K28: ='Dish Database'!K10*H28/100 -> 7 | L28: ='Dish Database'!L10*H28/100 -> 23.75 | M28: ='Dish Database'!M10*H28/100 -> 7 | N28: ='Dish Database'!N10*H28/100 -> 0 | O28: ='Dish Database'!O10*H28/100 -> 23.75 | P28: ='Dish Database'!P10*H28/100 -> 100
A29: ='Dish Database'!A11 -> D010 | B29: ='Dish Database'!B11 -> Black coffee, no sugar | C29: ='Dish Database'!D11 -> Hot Beverages | D29: ='Dish Database'!F11 -> Veg | E29: ='Dish Database'!E11 -> Pan-India | F29: Small | G29: Cutting / small cup (75 ml) | H29: 75 | I29: ='Dish Database'!I11 -> ml | J29: ='Dish Database'!J11*H29/100 -> 0.6 | K29: ='Dish Database'!K11*H29/100 -> 0.075 | L29: ='Dish Database'!L11*H29/100 -> 0.075 | M29: ='Dish Database'!M11*H29/100 -> 0 | N29: ='Dish Database'!N11*H29/100 -> 0 | O29: ='Dish Database'!O11*H29/100 -> 0 | P29: ='Dish Database'!P11*H29/100 -> 1.5
A30: ='Dish Database'!A11 -> D010 | B30: ='Dish Database'!B11 -> Black coffee, no sugar | C30: ='Dish Database'!D11 -> Hot Beverages | D30: ='Dish Database'!F11 -> Veg | E30: ='Dish Database'!E11 -> Pan-India | F30: Medium | G30: 1 cup (150 ml) | H30: 150 | I30: ='Dish Database'!I11 -> ml | J30: ='Dish Database'!J11*H30/100 -> 1.2 | K30: ='Dish Database'!K11*H30/100 -> 0.15 | L30: ='Dish Database'!L11*H30/100 -> 0.15 | M30: ='Dish Database'!M11*H30/100 -> 0 | N30: ='Dish Database'!N11*H30/100 -> 0 | O30: ='Dish Database'!O11*H30/100 -> 0 | P30: ='Dish Database'!P11*H30/100 -> 3
A31: ='Dish Database'!A11 -> D010 | B31: ='Dish Database'!B11 -> Black coffee, no sugar | C31: ='Dish Database'!D11 -> Hot Beverages | D31: ='Dish Database'!F11 -> Veg | E31: ='Dish Database'!E11 -> Pan-India | F31: Large | G31: Mug (250 ml) | H31: 250 | I31: ='Dish Database'!I11 -> ml | J31: ='Dish Database'!J11*H31/100 -> 2 | K31: ='Dish Database'!K11*H31/100 -> 0.25 | L31: ='Dish Database'!L11*H31/100 -> 0.25 | M31: ='Dish Database'!M11*H31/100 -> 0 | N31: ='Dish Database'!N11*H31/100 -> 0 | O31: ='Dish Database'!O11*H31/100 -> 0 | P31: ='Dish Database'!P11*H31/100 -> 5
A32: ='Dish Database'!A12 -> D011 | B32: ='Dish Database'!B12 -> Hot chocolate / cocoa milk | C32: ='Dish Database'!D12 -> Hot Beverages | D32: ='Dish Database'!F12 -> Veg | E32: ='Dish Database'!E12 -> Pan-India | F32: Small | G32: Cutting / small cup (75 ml) | H32: 75 | I32: ='Dish Database'!I12 -> ml | J32: ='Dish Database'!J12*H32/100 -> 69.825 | K32: ='Dish Database'!K12*H32/100 -> 2.4 | L32: ='Dish Database'!L12*H32/100 -> 9.375 | M32: ='Dish Database'!M12*H32/100 -> 2.625 | N32: ='Dish Database'!N12*H32/100 -> 0.45 | O32: ='Dish Database'!O12*H32/100 -> 8.25 | P32: ='Dish Database'!P12*H32/100 -> 37.5
A33: ='Dish Database'!A12 -> D011 | B33: ='Dish Database'!B12 -> Hot chocolate / cocoa milk | C33: ='Dish Database'!D12 -> Hot Beverages | D33: ='Dish Database'!F12 -> Veg | E33: ='Dish Database'!E12 -> Pan-India | F33: Medium | G33: 1 cup (150 ml) | H33: 150 | I33: ='Dish Database'!I12 -> ml | J33: ='Dish Database'!J12*H33/100 -> 139.65 | K33: ='Dish Database'!K12*H33/100 -> 4.8 | L33: ='Dish Database'!L12*H33/100 -> 18.75 | M33: ='Dish Database'!M12*H33/100 -> 5.25 | N33: ='Dish Database'!N12*H33/100 -> 0.9 | O33: ='Dish Database'!O12*H33/100 -> 16.5 | P33: ='Dish Database'!P12*H33/100 -> 75
A34: ='Dish Database'!A12 -> D011 | B34: ='Dish Database'!B12 -> Hot chocolate / cocoa milk | C34: ='Dish Database'!D12 -> Hot Beverages | D34: ='Dish Database'!F12 -> Veg | E34: ='Dish Database'!E12 -> Pan-India | F34: Large | G34: Mug (250 ml) | H34: 250 | I34: ='Dish Database'!I12 -> ml | J34: ='Dish Database'!J12*H34/100 -> 232.75 | K34: ='Dish Database'!K12*H34/100 -> 8 | L34: ='Dish Database'!L12*H34/100 -> 31.25 | M34: ='Dish Database'!M12*H34/100 -> 8.75 | N34: ='Dish Database'!N12*H34/100 -> 1.5 | O34: ='Dish Database'!O12*H34/100 -> 27.5 | P34: ='Dish Database'!P12*H34/100 -> 125
A35: ='Dish Database'!A13 -> D012 | B35: ='Dish Database'!B13 -> Haldi doodh (turmeric milk) | C35: ='Dish Database'!D13 -> Hot Beverages | D35: ='Dish Database'!F13 -> Veg | E35: ='Dish Database'!E13 -> Pan-India | F35: Small | G35: Small glass (150 ml) | H35: 150 | I35: ='Dish Database'!I13 -> ml | J35: ='Dish Database'!J13*H35/100 -> 110.1 | K35: ='Dish Database'!K13*H35/100 -> 4.8 | L35: ='Dish Database'!L13*H35/100 -> 11.25 | M35: ='Dish Database'!M13*H35/100 -> 5.1 | N35: ='Dish Database'!N13*H35/100 -> 0 | O35: ='Dish Database'!O13*H35/100 -> 10.95 | P35: ='Dish Database'!P13*H35/100 -> 64.5
A36: ='Dish Database'!A13 -> D012 | B36: ='Dish Database'!B13 -> Haldi doodh (turmeric milk) | C36: ='Dish Database'!D13 -> Hot Beverages | D36: ='Dish Database'!F13 -> Veg | E36: ='Dish Database'!E13 -> Pan-India | F36: Medium | G36: 1 glass (200 ml) | H36: 200 | I36: ='Dish Database'!I13 -> ml | J36: ='Dish Database'!J13*H36/100 -> 146.8 | K36: ='Dish Database'!K13*H36/100 -> 6.4 | L36: ='Dish Database'!L13*H36/100 -> 15 | M36: ='Dish Database'!M13*H36/100 -> 6.8 | N36: ='Dish Database'!N13*H36/100 -> 0 | O36: ='Dish Database'!O13*H36/100 -> 14.6 | P36: ='Dish Database'!P13*H36/100 -> 86
A37: ='Dish Database'!A13 -> D012 | B37: ='Dish Database'!B13 -> Haldi doodh (turmeric milk) | C37: ='Dish Database'!D13 -> Hot Beverages | D37: ='Dish Database'!F13 -> Veg | E37: ='Dish Database'!E13 -> Pan-India | F37: Large | G37: Large glass (300 ml) | H37: 300 | I37: ='Dish Database'!I13 -> ml | J37: ='Dish Database'!J13*H37/100 -> 220.2 | K37: ='Dish Database'!K13*H37/100 -> 9.6 | L37: ='Dish Database'!L13*H37/100 -> 22.5 | M37: ='Dish Database'!M13*H37/100 -> 10.2 | N37: ='Dish Database'!N13*H37/100 -> 0 | O37: ='Dish Database'!O13*H37/100 -> 21.9 | P37: ='Dish Database'!P13*H37/100 -> 129
A38: ='Dish Database'!A14 -> D013 | B38: ='Dish Database'!B14 -> Badam milk (hot or cold) | C38: ='Dish Database'!D14 -> Hot Beverages | D38: ='Dish Database'!F14 -> Veg | E38: ='Dish Database'!E14 -> South | F38: Small | G38: Small glass (150 ml) | H38: 150 | I38: ='Dish Database'!I14 -> ml | J38: ='Dish Database'!J14*H38/100 -> 154.35 | K38: ='Dish Database'!K14*H38/100 -> 5.7 | L38: ='Dish Database'!L14*H38/100 -> 18 | M38: ='Dish Database'!M14*H38/100 -> 6.75 | N38: ='Dish Database'!N14*H38/100 -> 0.6 | O38: ='Dish Database'!O14*H38/100 -> 17.25 | P38: ='Dish Database'!P14*H38/100 -> 63
A39: ='Dish Database'!A14 -> D013 | B39: ='Dish Database'!B14 -> Badam milk (hot or cold) | C39: ='Dish Database'!D14 -> Hot Beverages | D39: ='Dish Database'!F14 -> Veg | E39: ='Dish Database'!E14 -> South | F39: Medium | G39: 1 glass (200 ml) | H39: 200 | I39: ='Dish Database'!I14 -> ml | J39: ='Dish Database'!J14*H39/100 -> 205.8 | K39: ='Dish Database'!K14*H39/100 -> 7.6 | L39: ='Dish Database'!L14*H39/100 -> 24 | M39: ='Dish Database'!M14*H39/100 -> 9 | N39: ='Dish Database'!N14*H39/100 -> 0.8 | O39: ='Dish Database'!O14*H39/100 -> 23 | P39: ='Dish Database'!P14*H39/100 -> 84
A40: ='Dish Database'!A14 -> D013 | B40: ='Dish Database'!B14 -> Badam milk (hot or cold) | C40: ='Dish Database'!D14 -> Hot Beverages | D40: ='Dish Database'!F14 -> Veg | E40: ='Dish Database'!E14 -> South | F40: Large | G40: Large glass (300 ml) | H40: 300 | I40: ='Dish Database'!I14 -> ml | J40: ='Dish Database'!J14*H40/100 -> 308.7 | K40: ='Dish Database'!K14*H40/100 -> 11.4 | L40: ='Dish Database'!L14*H40/100 -> 36 | M40: ='Dish Database'!M14*H40/100 -> 13.5 | N40: ='Dish Database'!N14*H40/100 -> 1.2 | O40: ='Dish Database'!O14*H40/100 -> 34.5 | P40: ='Dish Database'!P14*H40/100 -> 126
A41: ='Dish Database'!A15 -> D014 | B41: ='Dish Database'!B15 -> Kesar doodh (saffron milk) | C41: ='Dish Database'!D15 -> Hot Beverages | D41: ='Dish Database'!F15 -> Veg | E41: ='Dish Database'!E15 -> North | F41: Small | G41: Small glass (150 ml) | H41: 150 | I41: ='Dish Database'!I15 -> ml | J41: ='Dish Database'!J15*H41/100 -> 127.05 | K41: ='Dish Database'!K15*H41/100 -> 4.95 | L41: ='Dish Database'!L15*H41/100 -> 15 | M41: ='Dish Database'!M15*H41/100 -> 5.25 | N41: ='Dish Database'!N15*H41/100 -> 0 | O41: ='Dish Database'!O15*H41/100 -> 14.25 | P41: ='Dish Database'!P15*H41/100 -> 63
A42: ='Dish Database'!A15 -> D014 | B42: ='Dish Database'!B15 -> Kesar doodh (saffron milk) | C42: ='Dish Database'!D15 -> Hot Beverages | D42: ='Dish Database'!F15 -> Veg | E42: ='Dish Database'!E15 -> North | F42: Medium | G42: 1 glass (200 ml) | H42: 200 | I42: ='Dish Database'!I15 -> ml | J42: ='Dish Database'!J15*H42/100 -> 169.4 | K42: ='Dish Database'!K15*H42/100 -> 6.6 | L42: ='Dish Database'!L15*H42/100 -> 20 | M42: ='Dish Database'!M15*H42/100 -> 7 | N42: ='Dish Database'!N15*H42/100 -> 0 | O42: ='Dish Database'!O15*H42/100 -> 19 | P42: ='Dish Database'!P15*H42/100 -> 84
A43: ='Dish Database'!A15 -> D014 | B43: ='Dish Database'!B15 -> Kesar doodh (saffron milk) | C43: ='Dish Database'!D15 -> Hot Beverages | D43: ='Dish Database'!F15 -> Veg | E43: ='Dish Database'!E15 -> North | F43: Large | G43: Large glass (300 ml) | H43: 300 | I43: ='Dish Database'!I15 -> ml | J43: ='Dish Database'!J15*H43/100 -> 254.1 | K43: ='Dish Database'!K15*H43/100 -> 9.9 | L43: ='Dish Database'!L15*H43/100 -> 30 | M43: ='Dish Database'!M15*H43/100 -> 10.5 | N43: ='Dish Database'!N15*H43/100 -> 0 | O43: ='Dish Database'!O15*H43/100 -> 28.5 | P43: ='Dish Database'!P15*H43/100 -> 126
A44: ='Dish Database'!A16 -> D015 | B44: ='Dish Database'!B16 -> Kashmiri kahwa | C44: ='Dish Database'!D16 -> Hot Beverages | D44: ='Dish Database'!F16 -> Veg | E44: ='Dish Database'!E16 -> North | F44: Small | G44: Cutting / small cup (75 ml) | H44: 75 | I44: ='Dish Database'!I16 -> ml | J44: ='Dish Database'!J16*H44/100 -> 19.65 | K44: ='Dish Database'!K16*H44/100 -> 0.225 | L44: ='Dish Database'!L16*H44/100 -> 3.375 | M44: ='Dish Database'!M16*H44/100 -> 0.6 | N44: ='Dish Database'!N16*H44/100 -> 0.075 | O44: ='Dish Database'!O16*H44/100 -> 3.15 | P44: ='Dish Database'!P16*H44/100 -> 2.25
A45: ='Dish Database'!A16 -> D015 | B45: ='Dish Database'!B16 -> Kashmiri kahwa | C45: ='Dish Database'!D16 -> Hot Beverages | D45: ='Dish Database'!F16 -> Veg | E45: ='Dish Database'!E16 -> North | F45: Medium | G45: 1 cup (150 ml) | H45: 150 | I45: ='Dish Database'!I16 -> ml | J45: ='Dish Database'!J16*H45/100 -> 39.3 | K45: ='Dish Database'!K16*H45/100 -> 0.45 | L45: ='Dish Database'!L16*H45/100 -> 6.75 | M45: ='Dish Database'!M16*H45/100 -> 1.2 | N45: ='Dish Database'!N16*H45/100 -> 0.15 | O45: ='Dish Database'!O16*H45/100 -> 6.3 | P45: ='Dish Database'!P16*H45/100 -> 4.5
A46: ='Dish Database'!A16 -> D015 | B46: ='Dish Database'!B16 -> Kashmiri kahwa | C46: ='Dish Database'!D16 -> Hot Beverages | D46: ='Dish Database'!F16 -> Veg | E46: ='Dish Database'!E16 -> North | F46: Large | G46: Mug (250 ml) | H46: 250 | I46: ='Dish Database'!I16 -> ml | J46: ='Dish Database'!J16*H46/100 -> 65.5 | K46: ='Dish Database'!K16*H46/100 -> 0.75 | L46: ='Dish Database'!L16*H46/100 -> 11.25 | M46: ='Dish Database'!M16*H46/100 -> 2 | N46: ='Dish Database'!N16*H46/100 -> 0.25 | O46: ='Dish Database'!O16*H46/100 -> 10.5 | P46: ='Dish Database'!P16*H46/100 -> 7.5
A47: ='Dish Database'!A17 -> D016 | B47: ='Dish Database'!B17 -> Nimbu pani - sweet | C47: ='Dish Database'!D17 -> Cold Beverages & Sharbat | D47: ='Dish Database'!F17 -> Veg | E47: ='Dish Database'!E17 -> Pan-India | F47: Small | G47: Small glass (150 ml) | H47: 150 | I47: ='Dish Database'!I17 -> ml | J47: ='Dish Database'!J17*H47/100 -> 39.45 | K47: ='Dish Database'!K17*H47/100 -> 0.15 | L47: ='Dish Database'!L17*H47/100 -> 9.75 | M47: ='Dish Database'!M17*H47/100 -> 0 | N47: ='Dish Database'!N17*H47/100 -> 0.075 | O47: ='Dish Database'!O17*H47/100 -> 9.3 | P47: ='Dish Database'!P17*H47/100 -> 7.5
A48: ='Dish Database'!A17 -> D016 | B48: ='Dish Database'!B17 -> Nimbu pani - sweet | C48: ='Dish Database'!D17 -> Cold Beverages & Sharbat | D48: ='Dish Database'!F17 -> Veg | E48: ='Dish Database'!E17 -> Pan-India | F48: Medium | G48: 1 glass (250 ml) | H48: 250 | I48: ='Dish Database'!I17 -> ml | J48: ='Dish Database'!J17*H48/100 -> 65.75 | K48: ='Dish Database'!K17*H48/100 -> 0.25 | L48: ='Dish Database'!L17*H48/100 -> 16.25 | M48: ='Dish Database'!M17*H48/100 -> 0 | N48: ='Dish Database'!N17*H48/100 -> 0.125 | O48: ='Dish Database'!O17*H48/100 -> 15.5 | P48: ='Dish Database'!P17*H48/100 -> 12.5
A49: ='Dish Database'!A17 -> D016 | B49: ='Dish Database'!B17 -> Nimbu pani - sweet | C49: ='Dish Database'!D17 -> Cold Beverages & Sharbat | D49: ='Dish Database'!F17 -> Veg | E49: ='Dish Database'!E17 -> Pan-India | F49: Large | G49: Large glass (350 ml) | H49: 350 | I49: ='Dish Database'!I17 -> ml | J49: ='Dish Database'!J17*H49/100 -> 92.05 | K49: ='Dish Database'!K17*H49/100 -> 0.35 | L49: ='Dish Database'!L17*H49/100 -> 22.75 | M49: ='Dish Database'!M17*H49/100 -> 0 | N49: ='Dish Database'!N17*H49/100 -> 0.175 | O49: ='Dish Database'!O17*H49/100 -> 21.7 | P49: ='Dish Database'!P17*H49/100 -> 17.5
A50: ='Dish Database'!A18 -> D017 | B50: ='Dish Database'!B18 -> Nimbu pani - sweet & salty | C50: ='Dish Database'!D18 -> Cold Beverages & Sharbat | D50: ='Dish Database'!F18 -> Veg | E50: ='Dish Database'!E18 -> North | F50: Small | G50: Small glass (150 ml) | H50: 150 | I50: ='Dish Database'!I18 -> ml | J50: ='Dish Database'!J18*H50/100 -> 33.45 | K50: ='Dish Database'!K18*H50/100 -> 0.15 | L50: ='Dish Database'!L18*H50/100 -> 8.25 | M50: ='Dish Database'!M18*H50/100 -> 0 | N50: ='Dish Database'!N18*H50/100 -> 0.075 | O50: ='Dish Database'!O18*H50/100 -> 7.8 | P50: ='Dish Database'!P18*H50/100 -> 225
A51: ='Dish Database'!A18 -> D017 | B51: ='Dish Database'!B18 -> Nimbu pani - sweet & salty | C51: ='Dish Database'!D18 -> Cold Beverages & Sharbat | D51: ='Dish Database'!F18 -> Veg | E51: ='Dish Database'!E18 -> North | F51: Medium | G51: 1 glass (250 ml) | H51: 250 | I51: ='Dish Database'!I18 -> ml | J51: ='Dish Database'!J18*H51/100 -> 55.75 | K51: ='Dish Database'!K18*H51/100 -> 0.25 | L51: ='Dish Database'!L18*H51/100 -> 13.75 | M51: ='Dish Database'!M18*H51/100 -> 0 | N51: ='Dish Database'!N18*H51/100 -> 0.125 | O51: ='Dish Database'!O18*H51/100 -> 13 | P51: ='Dish Database'!P18*H51/100 -> 375
A52: ='Dish Database'!A18 -> D017 | B52: ='Dish Database'!B18 -> Nimbu pani - sweet & salty | C52: ='Dish Database'!D18 -> Cold Beverages & Sharbat | D52: ='Dish Database'!F18 -> Veg | E52: ='Dish Database'!E18 -> North | F52: Large | G52: Large glass (350 ml) | H52: 350 | I52: ='Dish Database'!I18 -> ml | J52: ='Dish Database'!J18*H52/100 -> 78.05 | K52: ='Dish Database'!K18*H52/100 -> 0.35 | L52: ='Dish Database'!L18*H52/100 -> 19.25 | M52: ='Dish Database'!M18*H52/100 -> 0 | N52: ='Dish Database'!N18*H52/100 -> 0.175 | O52: ='Dish Database'!O18*H52/100 -> 18.2 | P52: ='Dish Database'!P18*H52/100 -> 525
A53: ='Dish Database'!A19 -> D018 | B53: ='Dish Database'!B19 -> Nimbu pani - salted, no sugar | C53: ='Dish Database'!D19 -> Cold Beverages & Sharbat | D53: ='Dish Database'!F19 -> Veg | E53: ='Dish Database'!E19 -> Pan-India | F53: Small | G53: Small glass (150 ml) | H53: 150 | I53: ='Dish Database'!I19 -> ml | J53: ='Dish Database'!J19*H53/100 -> 5.25 | K53: ='Dish Database'!K19*H53/100 -> 0.15 | L53: ='Dish Database'!L19*H53/100 -> 1.2 | M53: ='Dish Database'!M19*H53/100 -> 0 | N53: ='Dish Database'!N19*H53/100 -> 0.075 | O53: ='Dish Database'!O19*H53/100 -> 0.45 | P53: ='Dish Database'!P19*H53/100 -> 300
A54: ='Dish Database'!A19 -> D018 | B54: ='Dish Database'!B19 -> Nimbu pani - salted, no sugar | C54: ='Dish Database'!D19 -> Cold Beverages & Sharbat | D54: ='Dish Database'!F19 -> Veg | E54: ='Dish Database'!E19 -> Pan-India | F54: Medium | G54: 1 glass (250 ml) | H54: 250 | I54: ='Dish Database'!I19 -> ml | J54: ='Dish Database'!J19*H54/100 -> 8.75 | K54: ='Dish Database'!K19*H54/100 -> 0.25 | L54: ='Dish Database'!L19*H54/100 -> 2 | M54: ='Dish Database'!M19*H54/100 -> 0 | N54: ='Dish Database'!N19*H54/100 -> 0.125 | O54: ='Dish Database'!O19*H54/100 -> 0.75 | P54: ='Dish Database'!P19*H54/100 -> 500
A55: ='Dish Database'!A19 -> D018 | B55: ='Dish Database'!B19 -> Nimbu pani - salted, no sugar | C55: ='Dish Database'!D19 -> Cold Beverages & Sharbat | D55: ='Dish Database'!F19 -> Veg | E55: ='Dish Database'!E19 -> Pan-India | F55: Large | G55: Large glass (350 ml) | H55: 350 | I55: ='Dish Database'!I19 -> ml | J55: ='Dish Database'!J19*H55/100 -> 12.25 | K55: ='Dish Database'!K19*H55/100 -> 0.35 | L55: ='Dish Database'!L19*H55/100 -> 2.8 | M55: ='Dish Database'!M19*H55/100 -> 0 | N55: ='Dish Database'!N19*H55/100 -> 0.175 | O55: ='Dish Database'!O19*H55/100 -> 1.05 | P55: ='Dish Database'!P19*H55/100 -> 700
A56: ='Dish Database'!A20 -> D019 | B56: ='Dish Database'!B20 -> Lemon soda (sweet) | C56: ='Dish Database'!D20 -> Cold Beverages & Sharbat | D56: ='Dish Database'!F20 -> Veg | E56: ='Dish Database'!E20 -> Pan-India | F56: Small | G56: Small glass (150 ml) | H56: 150 | I56: ='Dish Database'!I20 -> ml | J56: ='Dish Database'!J20*H56/100 -> 42.6 | K56: ='Dish Database'!K20*H56/100 -> 0.15 | L56: ='Dish Database'!L20*H56/100 -> 10.5 | M56: ='Dish Database'!M20*H56/100 -> 0 | N56: ='Dish Database'!N20*H56/100 -> 0 | O56: ='Dish Database'!O20*H56/100 -> 10.2 | P56: ='Dish Database'!P20*H56/100 -> 75
A57: ='Dish Database'!A20 -> D019 | B57: ='Dish Database'!B20 -> Lemon soda (sweet) | C57: ='Dish Database'!D20 -> Cold Beverages & Sharbat | D57: ='Dish Database'!F20 -> Veg | E57: ='Dish Database'!E20 -> Pan-India | F57: Medium | G57: 1 glass (250 ml) | H57: 250 | I57: ='Dish Database'!I20 -> ml | J57: ='Dish Database'!J20*H57/100 -> 71 | K57: ='Dish Database'!K20*H57/100 -> 0.25 | L57: ='Dish Database'!L20*H57/100 -> 17.5 | M57: ='Dish Database'!M20*H57/100 -> 0 | N57: ='Dish Database'!N20*H57/100 -> 0 | O57: ='Dish Database'!O20*H57/100 -> 17 | P57: ='Dish Database'!P20*H57/100 -> 125
A58: ='Dish Database'!A20 -> D019 | B58: ='Dish Database'!B20 -> Lemon soda (sweet) | C58: ='Dish Database'!D20 -> Cold Beverages & Sharbat | D58: ='Dish Database'!F20 -> Veg | E58: ='Dish Database'!E20 -> Pan-India | F58: Large | G58: Large glass (350 ml) | H58: 350 | I58: ='Dish Database'!I20 -> ml | J58: ='Dish Database'!J20*H58/100 -> 99.4 | K58: ='Dish Database'!K20*H58/100 -> 0.35 | L58: ='Dish Database'!L20*H58/100 -> 24.5 | M58: ='Dish Database'!M20*H58/100 -> 0 | N58: ='Dish Database'!N20*H58/100 -> 0 | O58: ='Dish Database'!O20*H58/100 -> 23.8 | P58: ='Dish Database'!P20*H58/100 -> 175
A59: ='Dish Database'!A21 -> D020 | B59: ='Dish Database'!B21 -> Jaljeera | C59: ='Dish Database'!D21 -> Cold Beverages & Sharbat | D59: ='Dish Database'!F21 -> Veg | E59: ='Dish Database'!E21 -> North | F59: Small | G59: Small glass (150 ml) | H59: 150 | I59: ='Dish Database'!I21 -> ml | J59: ='Dish Database'!J21*H59/100 -> 38.25 | K59: ='Dish Database'!K21*H59/100 -> 0.3 | L59: ='Dish Database'!L21*H59/100 -> 9 | M59: ='Dish Database'!M21*H59/100 -> 0.15 | N59: ='Dish Database'!N21*H59/100 -> 0.15 | O59: ='Dish Database'!O21*H59/100 -> 7.5 | P59: ='Dish Database'!P21*H59/100 -> 450
A60: ='Dish Database'!A21 -> D020 | B60: ='Dish Database'!B21 -> Jaljeera | C60: ='Dish Database'!D21 -> Cold Beverages & Sharbat | D60: ='Dish Database'!F21 -> Veg | E60: ='Dish Database'!E21 -> North | F60: Medium | G60: 1 glass (250 ml) | H60: 250 | I60: ='Dish Database'!I21 -> ml | J60: ='Dish Database'!J21*H60/100 -> 63.75 | K60: ='Dish Database'!K21*H60/100 -> 0.5 | L60: ='Dish Database'!L21*H60/100 -> 15 | M60: ='Dish Database'!M21*H60/100 -> 0.25 | N60: ='Dish Database'!N21*H60/100 -> 0.25 | O60: ='Dish Database'!O21*H60/100 -> 12.5 | P60: ='Dish Database'!P21*H60/100 -> 750
A61: ='Dish Database'!A21 -> D020 | B61: ='Dish Database'!B21 -> Jaljeera | C61: ='Dish Database'!D21 -> Cold Beverages & Sharbat | D61: ='Dish Database'!F21 -> Veg | E61: ='Dish Database'!E21 -> North | F61: Large | G61: Large glass (350 ml) | H61: 350 | I61: ='Dish Database'!I21 -> ml | J61: ='Dish Database'!J21*H61/100 -> 89.25 | K61: ='Dish Database'!K21*H61/100 -> 0.7 | L61: ='Dish Database'!L21*H61/100 -> 21 | M61: ='Dish Database'!M21*H61/100 -> 0.35 | N61: ='Dish Database'!N21*H61/100 -> 0.35 | O61: ='Dish Database'!O21*H61/100 -> 17.5 | P61: ='Dish Database'!P21*H61/100 -> 1050
A62: ='Dish Database'!A22 -> D021 | B62: ='Dish Database'!B22 -> Aam panna | C62: ='Dish Database'!D22 -> Cold Beverages & Sharbat | D62: ='Dish Database'!F22 -> Veg | E62: ='Dish Database'!E22 -> North | F62: Small | G62: Small glass (150 ml) | H62: 150 | I62: ='Dish Database'!I22 -> ml | J62: ='Dish Database'!J22*H62/100 -> 60.3 | K62: ='Dish Database'!K22*H62/100 -> 0.3 | L62: ='Dish Database'!L22*H62/100 -> 15 | M62: ='Dish Database'!M22*H62/100 -> 0 | N62: ='Dish Database'!N22*H62/100 -> 0.45 | O62: ='Dish Database'!O22*H62/100 -> 12.75 | P62: ='Dish Database'!P22*H62/100 -> 180
A63: ='Dish Database'!A22 -> D021 | B63: ='Dish Database'!B22 -> Aam panna | C63: ='Dish Database'!D22 -> Cold Beverages & Sharbat | D63: ='Dish Database'!F22 -> Veg | E63: ='Dish Database'!E22 -> North | F63: Medium | G63: 1 glass (250 ml) | H63: 250 | I63: ='Dish Database'!I22 -> ml | J63: ='Dish Database'!J22*H63/100 -> 100.5 | K63: ='Dish Database'!K22*H63/100 -> 0.5 | L63: ='Dish Database'!L22*H63/100 -> 25 | M63: ='Dish Database'!M22*H63/100 -> 0 | N63: ='Dish Database'!N22*H63/100 -> 0.75 | O63: ='Dish Database'!O22*H63/100 -> 21.25 | P63: ='Dish Database'!P22*H63/100 -> 300
A64: ='Dish Database'!A22 -> D021 | B64: ='Dish Database'!B22 -> Aam panna | C64: ='Dish Database'!D22 -> Cold Beverages & Sharbat | D64: ='Dish Database'!F22 -> Veg | E64: ='Dish Database'!E22 -> North | F64: Large | G64: Large glass (350 ml) | H64: 350 | I64: ='Dish Database'!I22 -> ml | J64: ='Dish Database'!J22*H64/100 -> 140.7 | K64: ='Dish Database'!K22*H64/100 -> 0.7 | L64: ='Dish Database'!L22*H64/100 -> 35 | M64: ='Dish Database'!M22*H64/100 -> 0 | N64: ='Dish Database'!N22*H64/100 -> 1.05 | O64: ='Dish Database'!O22*H64/100 -> 29.75 | P64: ='Dish Database'!P22*H64/100 -> 420
A65: ='Dish Database'!A23 -> D022 | B65: ='Dish Database'!B23 -> Kokum sharbat | C65: ='Dish Database'!D23 -> Cold Beverages & Sharbat | D65: ='Dish Database'!F23 -> Veg | E65: ='Dish Database'!E23 -> West | F65: Small | G65: Small glass (150 ml) | H65: 150 | I65: ='Dish Database'!I23 -> ml | J65: ='Dish Database'!J23*H65/100 -> 66.6 | K65: ='Dish Database'!K23*H65/100 -> 0.15 | L65: ='Dish Database'!L23*H65/100 -> 16.5 | M65: ='Dish Database'!M23*H65/100 -> 0 | N65: ='Dish Database'!N23*H65/100 -> 0 | O65: ='Dish Database'!O23*H65/100 -> 15.75 | P65: ='Dish Database'!P23*H65/100 -> 90
A66: ='Dish Database'!A23 -> D022 | B66: ='Dish Database'!B23 -> Kokum sharbat | C66: ='Dish Database'!D23 -> Cold Beverages & Sharbat | D66: ='Dish Database'!F23 -> Veg | E66: ='Dish Database'!E23 -> West | F66: Medium | G66: 1 glass (250 ml) | H66: 250 | I66: ='Dish Database'!I23 -> ml | J66: ='Dish Database'!J23*H66/100 -> 111 | K66: ='Dish Database'!K23*H66/100 -> 0.25 | L66: ='Dish Database'!L23*H66/100 -> 27.5 | M66: ='Dish Database'!M23*H66/100 -> 0 | N66: ='Dish Database'!N23*H66/100 -> 0 | O66: ='Dish Database'!O23*H66/100 -> 26.25 | P66: ='Dish Database'!P23*H66/100 -> 150
A67: ='Dish Database'!A23 -> D022 | B67: ='Dish Database'!B23 -> Kokum sharbat | C67: ='Dish Database'!D23 -> Cold Beverages & Sharbat | D67: ='Dish Database'!F23 -> Veg | E67: ='Dish Database'!E23 -> West | F67: Large | G67: Large glass (350 ml) | H67: 350 | I67: ='Dish Database'!I23 -> ml | J67: ='Dish Database'!J23*H67/100 -> 155.4 | K67: ='Dish Database'!K23*H67/100 -> 0.35 | L67: ='Dish Database'!L23*H67/100 -> 38.5 | M67: ='Dish Database'!M23*H67/100 -> 0 | N67: ='Dish Database'!N23*H67/100 -> 0 | O67: ='Dish Database'!O23*H67/100 -> 36.75 | P67: ='Dish Database'!P23*H67/100 -> 210
A68: ='Dish Database'!A24 -> D023 | B68: ='Dish Database'!B24 -> Bael sharbat | C68: ='Dish Database'!D24 -> Cold Beverages & Sharbat | D68: ='Dish Database'!F24 -> Veg | E68: ='Dish Database'!E24 -> North | F68: Small | G68: Small glass (150 ml) | H68: 150 | I68: ='Dish Database'!I24 -> ml | J68: ='Dish Database'!J24*H68/100 -> 56.55 | K68: ='Dish Database'!K24*H68/100 -> 0.9 | L68: ='Dish Database'!L24*H68/100 -> 13.5 | M68: ='Dish Database'!M24*H68/100 -> 0.15 | N68: ='Dish Database'!N24*H68/100 -> 1.2 | O68: ='Dish Database'!O24*H68/100 -> 12 | P68: ='Dish Database'!P24*H68/100 -> 7.5
A69: ='Dish Database'!A24 -> D023 | B69: ='Dish Database'!B24 -> Bael sharbat | C69: ='Dish Database'!D24 -> Cold Beverages & Sharbat | D69: ='Dish Database'!F24 -> Veg | E69: ='Dish Database'!E24 -> North | F69: Medium | G69: 1 glass (250 ml) | H69: 250 | I69: ='Dish Database'!I24 -> ml | J69: ='Dish Database'!J24*H69/100 -> 94.25 | K69: ='Dish Database'!K24*H69/100 -> 1.5 | L69: ='Dish Database'!L24*H69/100 -> 22.5 | M69: ='Dish Database'!M24*H69/100 -> 0.25 | N69: ='Dish Database'!N24*H69/100 -> 2 | O69: ='Dish Database'!O24*H69/100 -> 20 | P69: ='Dish Database'!P24*H69/100 -> 12.5
A70: ='Dish Database'!A24 -> D023 | B70: ='Dish Database'!B24 -> Bael sharbat | C70: ='Dish Database'!D24 -> Cold Beverages & Sharbat | D70: ='Dish Database'!F24 -> Veg | E70: ='Dish Database'!E24 -> North | F70: Large | G70: Large glass (350 ml) | H70: 350 | I70: ='Dish Database'!I24 -> ml | J70: ='Dish Database'!J24*H70/100 -> 131.95 | K70: ='Dish Database'!K24*H70/100 -> 2.1 | L70: ='Dish Database'!L24*H70/100 -> 31.5 | M70: ='Dish Database'!M24*H70/100 -> 0.35 | N70: ='Dish Database'!N24*H70/100 -> 2.8 | O70: ='Dish Database'!O24*H70/100 -> 28 | P70: ='Dish Database'!P24*H70/100 -> 17.5
A71: ='Dish Database'!A25 -> D024 | B71: ='Dish Database'!B25 -> Sattu sharbat (salted) | C71: ='Dish Database'!D25 -> Cold Beverages & Sharbat | D71: ='Dish Database'!F25 -> Veg | E71: ='Dish Database'!E25 -> East | F71: Small | G71: Small glass (150 ml) | H71: 150 | I71: ='Dish Database'!I25 -> ml | J71: ='Dish Database'!J25*H71/100 -> 56.1 | K71: ='Dish Database'!K25*H71/100 -> 3.3 | L71: ='Dish Database'!L25*H71/100 -> 9.75 | M71: ='Dish Database'!M25*H71/100 -> 0.9 | N71: ='Dish Database'!N25*H71/100 -> 2.1 | O71: ='Dish Database'!O25*H71/100 -> 0.75 | P71: ='Dish Database'!P25*H71/100 -> 225
A72: ='Dish Database'!A25 -> D024 | B72: ='Dish Database'!B25 -> Sattu sharbat (salted) | C72: ='Dish Database'!D25 -> Cold Beverages & Sharbat | D72: ='Dish Database'!F25 -> Veg | E72: ='Dish Database'!E25 -> East | F72: Medium | G72: 1 glass (250 ml) | H72: 250 | I72: ='Dish Database'!I25 -> ml | J72: ='Dish Database'!J25*H72/100 -> 93.5 | K72: ='Dish Database'!K25*H72/100 -> 5.5 | L72: ='Dish Database'!L25*H72/100 -> 16.25 | M72: ='Dish Database'!M25*H72/100 -> 1.5 | N72: ='Dish Database'!N25*H72/100 -> 3.5 | O72: ='Dish Database'!O25*H72/100 -> 1.25 | P72: ='Dish Database'!P25*H72/100 -> 375
A73: ='Dish Database'!A25 -> D024 | B73: ='Dish Database'!B25 -> Sattu sharbat (salted) | C73: ='Dish Database'!D25 -> Cold Beverages & Sharbat | D73: ='Dish Database'!F25 -> Veg | E73: ='Dish Database'!E25 -> East | F73: Large | G73: Large glass (350 ml) | H73: 350 | I73: ='Dish Database'!I25 -> ml | J73: ='Dish Database'!J25*H73/100 -> 130.9 | K73: ='Dish Database'!K25*H73/100 -> 7.7 | L73: ='Dish Database'!L25*H73/100 -> 22.75 | M73: ='Dish Database'!M25*H73/100 -> 2.1 | N73: ='Dish Database'!N25*H73/100 -> 4.9 | O73: ='Dish Database'!O25*H73/100 -> 1.75 | P73: ='Dish Database'!P25*H73/100 -> 525
A74: ='Dish Database'!A26 -> D025 | B74: ='Dish Database'!B26 -> Rose sharbat / Rooh Afza (with water) | C74: ='Dish Database'!D26 -> Cold Beverages & Sharbat | D74: ='Dish Database'!F26 -> Veg | E74: ='Dish Database'!E26 -> Pan-India | F74: Small | G74: Small glass (150 ml) | H74: 150 | I74: ='Dish Database'!I26 -> ml | J74: ='Dish Database'!J26*H74/100 -> 54 | K74: ='Dish Database'!K26*H74/100 -> 0 | L74: ='Dish Database'!L26*H74/100 -> 13.5 | M74: ='Dish Database'!M26*H74/100 -> 0 | N74: ='Dish Database'!N26*H74/100 -> 0 | O74: ='Dish Database'!O26*H74/100 -> 13.5 | P74: ='Dish Database'!P26*H74/100 -> 4.5
A75: ='Dish Database'!A26 -> D025 | B75: ='Dish Database'!B26 -> Rose sharbat / Rooh Afza (with water) | C75: ='Dish Database'!D26 -> Cold Beverages & Sharbat | D75: ='Dish Database'!F26 -> Veg | E75: ='Dish Database'!E26 -> Pan-India | F75: Medium | G75: 1 glass (250 ml) | H75: 250 | I75: ='Dish Database'!I26 -> ml | J75: ='Dish Database'!J26*H75/100 -> 90 | K75: ='Dish Database'!K26*H75/100 -> 0 | L75: ='Dish Database'!L26*H75/100 -> 22.5 | M75: ='Dish Database'!M26*H75/100 -> 0 | N75: ='Dish Database'!N26*H75/100 -> 0 | O75: ='Dish Database'!O26*H75/100 -> 22.5 | P75: ='Dish Database'!P26*H75/100 -> 7.5
A76: ='Dish Database'!A26 -> D025 | B76: ='Dish Database'!B26 -> Rose sharbat / Rooh Afza (with water) | C76: ='Dish Database'!D26 -> Cold Beverages & Sharbat | D76: ='Dish Database'!F26 -> Veg | E76: ='Dish Database'!E26 -> Pan-India | F76: Large | G76: Large glass (350 ml) | H76: 350 | I76: ='Dish Database'!I26 -> ml | J76: ='Dish Database'!J26*H76/100 -> 126 | K76: ='Dish Database'!K26*H76/100 -> 0 | L76: ='Dish Database'!L26*H76/100 -> 31.5 | M76: ='Dish Database'!M26*H76/100 -> 0 | N76: ='Dish Database'!N26*H76/100 -> 0 | O76: ='Dish Database'!O26*H76/100 -> 31.5 | P76: ='Dish Database'!P26*H76/100 -> 10.5
A77: ='Dish Database'!A27 -> D026 | B77: ='Dish Database'!B27 -> Rooh Afza milk | C77: ='Dish Database'!D27 -> Cold Beverages & Sharbat | D77: ='Dish Database'!F27 -> Veg | E77: ='Dish Database'!E27 -> North | F77: Small | G77: Small glass (200 ml) | H77: 200 | I77: ='Dish Database'!I27 -> ml | J77: ='Dish Database'!J27*H77/100 -> 178 | K77: ='Dish Database'!K27*H77/100 -> 6 | L77: ='Dish Database'!L27*H77/100 -> 25 | M77: ='Dish Database'!M27*H77/100 -> 6 | N77: ='Dish Database'!N27*H77/100 -> 0 | O77: ='Dish Database'!O27*H77/100 -> 25 | P77: ='Dish Database'!P27*H77/100 -> 84
A78: ='Dish Database'!A27 -> D026 | B78: ='Dish Database'!B27 -> Rooh Afza milk | C78: ='Dish Database'!D27 -> Cold Beverages & Sharbat | D78: ='Dish Database'!F27 -> Veg | E78: ='Dish Database'!E27 -> North | F78: Medium | G78: Regular glass (300 ml) | H78: 300 | I78: ='Dish Database'!I27 -> ml | J78: ='Dish Database'!J27*H78/100 -> 267 | K78: ='Dish Database'!K27*H78/100 -> 9 | L78: ='Dish Database'!L27*H78/100 -> 37.5 | M78: ='Dish Database'!M27*H78/100 -> 9 | N78: ='Dish Database'!N27*H78/100 -> 0 | O78: ='Dish Database'!O27*H78/100 -> 37.5 | P78: ='Dish Database'!P27*H78/100 -> 126
A79: ='Dish Database'!A27 -> D026 | B79: ='Dish Database'!B27 -> Rooh Afza milk | C79: ='Dish Database'!D27 -> Cold Beverages & Sharbat | D79: ='Dish Database'!F27 -> Veg | E79: ='Dish Database'!E27 -> North | F79: Large | G79: Large / tall glass (400 ml) | H79: 400 | I79: ='Dish Database'!I27 -> ml | J79: ='Dish Database'!J27*H79/100 -> 356 | K79: ='Dish Database'!K27*H79/100 -> 12 | L79: ='Dish Database'!L27*H79/100 -> 50 | M79: ='Dish Database'!M27*H79/100 -> 12 | N79: ='Dish Database'!N27*H79/100 -> 0 | O79: ='Dish Database'!O27*H79/100 -> 50 | P79: ='Dish Database'!P27*H79/100 -> 168
A80: ='Dish Database'!A28 -> D027 | B80: ='Dish Database'!B28 -> Nannari sharbat | C80: ='Dish Database'!D28 -> Cold Beverages & Sharbat | D80: ='Dish Database'!F28 -> Veg | E80: ='Dish Database'!E28 -> South | F80: Small | G80: Small glass (150 ml) | H80: 150 | I80: ='Dish Database'!I28 -> ml | J80: ='Dish Database'!J28*H80/100 -> 60 | K80: ='Dish Database'!K28*H80/100 -> 0 | L80: ='Dish Database'!L28*H80/100 -> 15 | M80: ='Dish Database'!M28*H80/100 -> 0 | N80: ='Dish Database'!N28*H80/100 -> 0 | O80: ='Dish Database'!O28*H80/100 -> 15 | P80: ='Dish Database'!P28*H80/100 -> 7.5
A81: ='Dish Database'!A28 -> D027 | B81: ='Dish Database'!B28 -> Nannari sharbat | C81: ='Dish Database'!D28 -> Cold Beverages & Sharbat | D81: ='Dish Database'!F28 -> Veg | E81: ='Dish Database'!E28 -> South | F81: Medium | G81: 1 glass (250 ml) | H81: 250 | I81: ='Dish Database'!I28 -> ml | J81: ='Dish Database'!J28*H81/100 -> 100 | K81: ='Dish Database'!K28*H81/100 -> 0 | L81: ='Dish Database'!L28*H81/100 -> 25 | M81: ='Dish Database'!M28*H81/100 -> 0 | N81: ='Dish Database'!N28*H81/100 -> 0 | O81: ='Dish Database'!O28*H81/100 -> 25 | P81: ='Dish Database'!P28*H81/100 -> 12.5
A82: ='Dish Database'!A28 -> D027 | B82: ='Dish Database'!B28 -> Nannari sharbat | C82: ='Dish Database'!D28 -> Cold Beverages & Sharbat | D82: ='Dish Database'!F28 -> Veg | E82: ='Dish Database'!E28 -> South | F82: Large | G82: Large glass (350 ml) | H82: 350 | I82: ='Dish Database'!I28 -> ml | J82: ='Dish Database'!J28*H82/100 -> 140 | K82: ='Dish Database'!K28*H82/100 -> 0 | L82: ='Dish Database'!L28*H82/100 -> 35 | M82: ='Dish Database'!M28*H82/100 -> 0 | N82: ='Dish Database'!N28*H82/100 -> 0 | O82: ='Dish Database'!O28*H82/100 -> 35 | P82: ='Dish Database'!P28*H82/100 -> 17.5
A83: ='Dish Database'!A29 -> D028 | B83: ='Dish Database'!B29 -> Sol kadhi | C83: ='Dish Database'!D29 -> Cold Beverages & Sharbat | D83: ='Dish Database'!F29 -> Veg | E83: ='Dish Database'!E29 -> West | F83: Small | G83: Small glass (150 ml) | H83: 150 | I83: ='Dish Database'!I29 -> ml | J83: ='Dish Database'!J29*H83/100 -> 77.7 | K83: ='Dish Database'!K29*H83/100 -> 0.9 | L83: ='Dish Database'!L29*H83/100 -> 5.25 | M83: ='Dish Database'!M29*H83/100 -> 6 | N83: ='Dish Database'!N29*H83/100 -> 0.45 | O83: ='Dish Database'!O29*H83/100 -> 3 | P83: ='Dish Database'!P29*H83/100 -> 300
A84: ='Dish Database'!A29 -> D028 | B84: ='Dish Database'!B29 -> Sol kadhi | C84: ='Dish Database'!D29 -> Cold Beverages & Sharbat | D84: ='Dish Database'!F29 -> Veg | E84: ='Dish Database'!E29 -> West | F84: Medium | G84: 1 glass (250 ml) | H84: 250 | I84: ='Dish Database'!I29 -> ml | J84: ='Dish Database'!J29*H84/100 -> 129.5 | K84: ='Dish Database'!K29*H84/100 -> 1.5 | L84: ='Dish Database'!L29*H84/100 -> 8.75 | M84: ='Dish Database'!M29*H84/100 -> 10 | N84: ='Dish Database'!N29*H84/100 -> 0.75 | O84: ='Dish Database'!O29*H84/100 -> 5 | P84: ='Dish Database'!P29*H84/100 -> 500
A85: ='Dish Database'!A29 -> D028 | B85: ='Dish Database'!B29 -> Sol kadhi | C85: ='Dish Database'!D29 -> Cold Beverages & Sharbat | D85: ='Dish Database'!F29 -> Veg | E85: ='Dish Database'!E29 -> West | F85: Large | G85: Large glass (350 ml) | H85: 350 | I85: ='Dish Database'!I29 -> ml | J85: ='Dish Database'!J29*H85/100 -> 181.3 | K85: ='Dish Database'!K29*H85/100 -> 2.1 | L85: ='Dish Database'!L29*H85/100 -> 12.25 | M85: ='Dish Database'!M29*H85/100 -> 14 | N85: ='Dish Database'!N29*H85/100 -> 1.05 | O85: ='Dish Database'!O29*H85/100 -> 7 | P85: ='Dish Database'!P29*H85/100 -> 700
A86: ='Dish Database'!A30 -> D029 | B86: ='Dish Database'!B30 -> Coconut water (tender coconut) | C86: ='Dish Database'!D30 -> Cold Beverages & Sharbat | D86: ='Dish Database'!F30 -> Veg | E86: ='Dish Database'!E30 -> Pan-India | F86: Small | G86: Small coconut (~200 ml) | H86: 200 | I86: ='Dish Database'!I30 -> ml | J86: ='Dish Database'!J30*H86/100 -> 34.4 | K86: ='Dish Database'!K30*H86/100 -> 1.4 | L86: ='Dish Database'!L30*H86/100 -> 7.4 | M86: ='Dish Database'!M30*H86/100 -> 0.4 | N86: ='Dish Database'!N30*H86/100 -> 2.2 | O86: ='Dish Database'!O30*H86/100 -> 5.2 | P86: ='Dish Database'!P30*H86/100 -> 210
A87: ='Dish Database'!A30 -> D029 | B87: ='Dish Database'!B30 -> Coconut water (tender coconut) | C87: ='Dish Database'!D30 -> Cold Beverages & Sharbat | D87: ='Dish Database'!F30 -> Veg | E87: ='Dish Database'!E30 -> Pan-India | F87: Medium | G87: Medium coconut (~300 ml) | H87: 300 | I87: ='Dish Database'!I30 -> ml | J87: ='Dish Database'!J30*H87/100 -> 51.6 | K87: ='Dish Database'!K30*H87/100 -> 2.1 | L87: ='Dish Database'!L30*H87/100 -> 11.1 | M87: ='Dish Database'!M30*H87/100 -> 0.6 | N87: ='Dish Database'!N30*H87/100 -> 3.3 | O87: ='Dish Database'!O30*H87/100 -> 7.8 | P87: ='Dish Database'!P30*H87/100 -> 315
A88: ='Dish Database'!A30 -> D029 | B88: ='Dish Database'!B30 -> Coconut water (tender coconut) | C88: ='Dish Database'!D30 -> Cold Beverages & Sharbat | D88: ='Dish Database'!F30 -> Veg | E88: ='Dish Database'!E30 -> Pan-India | F88: Large | G88: Large coconut (~400 ml) | H88: 400 | I88: ='Dish Database'!I30 -> ml | J88: ='Dish Database'!J30*H88/100 -> 68.8 | K88: ='Dish Database'!K30*H88/100 -> 2.8 | L88: ='Dish Database'!L30*H88/100 -> 14.8 | M88: ='Dish Database'!M30*H88/100 -> 0.8 | N88: ='Dish Database'!N30*H88/100 -> 4.4 | O88: ='Dish Database'!O30*H88/100 -> 10.4 | P88: ='Dish Database'!P30*H88/100 -> 420
A89: ='Dish Database'!A31 -> D030 | B89: ='Dish Database'!B31 -> Sugarcane juice | C89: ='Dish Database'!D31 -> Cold Beverages & Sharbat | D89: ='Dish Database'!F31 -> Veg | E89: ='Dish Database'!E31 -> Pan-India | F89: Small | G89: Small glass (150 ml) | H89: 150 | I89: ='Dish Database'!I31 -> ml | J89: ='Dish Database'!J31*H89/100 -> 110.55 | K89: ='Dish Database'!K31*H89/100 -> 0.3 | L89: ='Dish Database'!L31*H89/100 -> 27 | M89: ='Dish Database'!M31*H89/100 -> 0.15 | N89: ='Dish Database'!N31*H89/100 -> 0 | O89: ='Dish Database'!O31*H89/100 -> 24 | P89: ='Dish Database'!P31*H89/100 -> 15
A90: ='Dish Database'!A31 -> D030 | B90: ='Dish Database'!B31 -> Sugarcane juice | C90: ='Dish Database'!D31 -> Cold Beverages & Sharbat | D90: ='Dish Database'!F31 -> Veg | E90: ='Dish Database'!E31 -> Pan-India | F90: Medium | G90: 1 glass (250 ml) | H90: 250 | I90: ='Dish Database'!I31 -> ml | J90: ='Dish Database'!J31*H90/100 -> 184.25 | K90: ='Dish Database'!K31*H90/100 -> 0.5 | L90: ='Dish Database'!L31*H90/100 -> 45 | M90: ='Dish Database'!M31*H90/100 -> 0.25 | N90: ='Dish Database'!N31*H90/100 -> 0 | O90: ='Dish Database'!O31*H90/100 -> 40 | P90: ='Dish Database'!P31*H90/100 -> 25
A91: ='Dish Database'!A31 -> D030 | B91: ='Dish Database'!B31 -> Sugarcane juice | C91: ='Dish Database'!D31 -> Cold Beverages & Sharbat | D91: ='Dish Database'!F31 -> Veg | E91: ='Dish Database'!E31 -> Pan-India | F91: Large | G91: Large glass (350 ml) | H91: 350 | I91: ='Dish Database'!I31 -> ml | J91: ='Dish Database'!J31*H91/100 -> 257.95 | K91: ='Dish Database'!K31*H91/100 -> 0.7 | L91: ='Dish Database'!L31*H91/100 -> 63 | M91: ='Dish Database'!M31*H91/100 -> 0.35 | N91: ='Dish Database'!N31*H91/100 -> 0 | O91: ='Dish Database'!O31*H91/100 -> 56 | P91: ='Dish Database'!P31*H91/100 -> 35
A92: ='Dish Database'!A32 -> D031 | B92: ='Dish Database'!B32 -> Thandai | C92: ='Dish Database'!D32 -> Cold Beverages & Sharbat | D92: ='Dish Database'!F32 -> Veg | E92: ='Dish Database'!E32 -> North | F92: Small | G92: Small glass (150 ml) | H92: 150 | I92: ='Dish Database'!I32 -> ml | J92: ='Dish Database'!J32*H92/100 -> 168 | K92: ='Dish Database'!K32*H92/100 -> 5.25 | L92: ='Dish Database'!L32*H92/100 -> 20.25 | M92: ='Dish Database'!M32*H92/100 -> 7.5 | N92: ='Dish Database'!N32*H92/100 -> 0.75 | O92: ='Dish Database'!O32*H92/100 -> 18 | P92: ='Dish Database'!P32*H92/100 -> 60
A93: ='Dish Database'!A32 -> D031 | B93: ='Dish Database'!B32 -> Thandai | C93: ='Dish Database'!D32 -> Cold Beverages & Sharbat | D93: ='Dish Database'!F32 -> Veg | E93: ='Dish Database'!E32 -> North | F93: Medium | G93: 1 glass (250 ml) | H93: 250 | I93: ='Dish Database'!I32 -> ml | J93: ='Dish Database'!J32*H93/100 -> 280 | K93: ='Dish Database'!K32*H93/100 -> 8.75 | L93: ='Dish Database'!L32*H93/100 -> 33.75 | M93: ='Dish Database'!M32*H93/100 -> 12.5 | N93: ='Dish Database'!N32*H93/100 -> 1.25 | O93: ='Dish Database'!O32*H93/100 -> 30 | P93: ='Dish Database'!P32*H93/100 -> 100
A94: ='Dish Database'!A32 -> D031 | B94: ='Dish Database'!B32 -> Thandai | C94: ='Dish Database'!D32 -> Cold Beverages & Sharbat | D94: ='Dish Database'!F32 -> Veg | E94: ='Dish Database'!E32 -> North | F94: Large | G94: Large glass (350 ml) | H94: 350 | I94: ='Dish Database'!I32 -> ml | J94: ='Dish Database'!J32*H94/100 -> 392 | K94: ='Dish Database'!K32*H94/100 -> 12.25 | L94: ='Dish Database'!L32*H94/100 -> 47.25 | M94: ='Dish Database'!M32*H94/100 -> 17.5 | N94: ='Dish Database'!N32*H94/100 -> 1.75 | O94: ='Dish Database'!O32*H94/100 -> 42 | P94: ='Dish Database'!P32*H94/100 -> 140
A95: ='Dish Database'!A33 -> D032 | B95: ='Dish Database'!B33 -> Jigarthanda | C95: ='Dish Database'!D33 -> Cold Beverages & Sharbat | D95: ='Dish Database'!F33 -> Veg | E95: ='Dish Database'!E33 -> South | F95: Small | G95: Small glass (200 ml) | H95: 200 | I95: ='Dish Database'!I33 -> ml | J95: ='Dish Database'!J33*H95/100 -> 277.6 | K95: ='Dish Database'!K33*H95/100 -> 7 | L95: ='Dish Database'!L33*H95/100 -> 40 | M95: ='Dish Database'!M33*H95/100 -> 10 | N95: ='Dish Database'!N33*H95/100 -> 0.2 | O95: ='Dish Database'!O33*H95/100 -> 36 | P95: ='Dish Database'!P33*H95/100 -> 100
A96: ='Dish Database'!A33 -> D032 | B96: ='Dish Database'!B33 -> Jigarthanda | C96: ='Dish Database'!D33 -> Cold Beverages & Sharbat | D96: ='Dish Database'!F33 -> Veg | E96: ='Dish Database'!E33 -> South | F96: Medium | G96: Regular glass (300 ml) | H96: 300 | I96: ='Dish Database'!I33 -> ml | J96: ='Dish Database'!J33*H96/100 -> 416.4 | K96: ='Dish Database'!K33*H96/100 -> 10.5 | L96: ='Dish Database'!L33*H96/100 -> 60 | M96: ='Dish Database'!M33*H96/100 -> 15 | N96: ='Dish Database'!N33*H96/100 -> 0.3 | O96: ='Dish Database'!O33*H96/100 -> 54 | P96: ='Dish Database'!P33*H96/100 -> 150
A97: ='Dish Database'!A33 -> D032 | B97: ='Dish Database'!B33 -> Jigarthanda | C97: ='Dish Database'!D33 -> Cold Beverages & Sharbat | D97: ='Dish Database'!F33 -> Veg | E97: ='Dish Database'!E33 -> South | F97: Large | G97: Large / tall glass (400 ml) | H97: 400 | I97: ='Dish Database'!I33 -> ml | J97: ='Dish Database'!J33*H97/100 -> 555.2 | K97: ='Dish Database'!K33*H97/100 -> 14 | L97: ='Dish Database'!L33*H97/100 -> 80 | M97: ='Dish Database'!M33*H97/100 -> 20 | N97: ='Dish Database'!N33*H97/100 -> 0.4 | O97: ='Dish Database'!O33*H97/100 -> 72 | P97: ='Dish Database'!P33*H97/100 -> 200
A98: ='Dish Database'!A34 -> D033 | B98: ='Dish Database'!B34 -> Falooda | C98: ='Dish Database'!D34 -> Cold Beverages & Sharbat | D98: ='Dish Database'!F34 -> Veg | E98: ='Dish Database'!E34 -> Pan-India | F98: Small | G98: Small glass (200 ml) | H98: 200 | I98: ='Dish Database'!I34 -> ml | J98: ='Dish Database'!J34*H98/100 -> 275.2 | K98: ='Dish Database'!K34*H98/100 -> 6.4 | L98: ='Dish Database'!L34*H98/100 -> 44 | M98: ='Dish Database'!M34*H98/100 -> 8.4 | N98: ='Dish Database'!N34*H98/100 -> 1 | O98: ='Dish Database'!O34*H98/100 -> 34 | P98: ='Dish Database'!P34*H98/100 -> 90
A99: ='Dish Database'!A34 -> D033 | B99: ='Dish Database'!B34 -> Falooda | C99: ='Dish Database'!D34 -> Cold Beverages & Sharbat | D99: ='Dish Database'!F34 -> Veg | E99: ='Dish Database'!E34 -> Pan-India | F99: Medium | G99: Regular glass (300 ml) | H99: 300 | I99: ='Dish Database'!I34 -> ml | J99: ='Dish Database'!J34*H99/100 -> 412.8 | K99: ='Dish Database'!K34*H99/100 -> 9.6 | L99: ='Dish Database'!L34*H99/100 -> 66 | M99: ='Dish Database'!M34*H99/100 -> 12.6 | N99: ='Dish Database'!N34*H99/100 -> 1.5 | O99: ='Dish Database'!O34*H99/100 -> 51 | P99: ='Dish Database'!P34*H99/100 -> 135
A100: ='Dish Database'!A34 -> D033 | B100: ='Dish Database'!B34 -> Falooda | C100: ='Dish Database'!D34 -> Cold Beverages & Sharbat | D100: ='Dish Database'!F34 -> Veg | E100: ='Dish Database'!E34 -> Pan-India | F100: Large | G100: Large / tall glass (400 ml) | H100: 400 | I100: ='Dish Database'!I34 -> ml | J100: ='Dish Database'!J34*H100/100 -> 550.4 | K100: ='Dish Database'!K34*H100/100 -> 12.8 | L100: ='Dish Database'!L34*H100/100 -> 88 | M100: ='Dish Database'!M34*H100/100 -> 16.8 | N100: ='Dish Database'!N34*H100/100 -> 2 | O100: ='Dish Database'!O34*H100/100 -> 68 | P100: ='Dish Database'!P34*H100/100 -> 180
...

Sheet Meal Combos & Thalis
A1: Meal / combo | B1: Item | C1: Dish ID | D1: Quantity (g/ml) | E1: Energy (kcal) | F1: Protein (g) | G1: Carbs (g) | H1: Fat (g) | I1: Fibre (g) | J1: Sugar (g) | K1: Sodium (mg)
A2: Idli sambar (2 idli)
B3: =INDEX('Dish Database'!$B:$B,MATCH(C3,'Dish Database'!$A:$A,0)) -> Idli | C3: D138 | D3: 80 | E3: =D3/100*INDEX('Dish Database'!$J:$J,MATCH(C3,'Dish Database'!$A:$A,0)) -> 106 | F3: =D3/100*INDEX('Dish Database'!$K:$K,MATCH(C3,'Dish Database'!$A:$A,0)) -> 3.36 | G3: =D3/100*INDEX('Dish Database'!$L:$L,MATCH(C3,'Dish Database'!$A:$A,0)) -> 22.8 | H3: =D3/100*INDEX('Dish Database'!$M:$M,MATCH(C3,'Dish Database'!$A:$A,0)) -> 0.4 | I3: =D3/100*INDEX('Dish Database'!$N:$N,MATCH(C3,'Dish Database'!$A:$A,0)) -> 1.12 | J3: =D3/100*INDEX('Dish Database'!$O:$O,MATCH(C3,'Dish Database'!$A:$A,0)) -> 0.16 | K3: =D3/100*INDEX('Dish Database'!$P:$P,MATCH(C3,'Dish Database'!$A:$A,0)) -> 200
B4: =INDEX('Dish Database'!$B:$B,MATCH(C4,'Dish Database'!$A:$A,0)) -> Sambar | C4: D250 | D4: 150 | E4: =D4/100*INDEX('Dish Database'!$J:$J,MATCH(C4,'Dish Database'!$A:$A,0)) -> 114 | F4: =D4/100*INDEX('Dish Database'!$K:$K,MATCH(C4,'Dish Database'!$A:$A,0)) -> 5.25 | G4: =D4/100*INDEX('Dish Database'!$L:$L,MATCH(C4,'Dish Database'!$A:$A,0)) -> 15.75 | H4: =D4/100*INDEX('Dish Database'!$M:$M,MATCH(C4,'Dish Database'!$A:$A,0)) -> 4.2 | I4: =D4/100*INDEX('Dish Database'!$N:$N,MATCH(C4,'Dish Database'!$A:$A,0)) -> 3.9 | J4: =D4/100*INDEX('Dish Database'!$O:$O,MATCH(C4,'Dish Database'!$A:$A,0)) -> 3 | K4: =D4/100*INDEX('Dish Database'!$P:$P,MATCH(C4,'Dish Database'!$A:$A,0)) -> 495
B5: =INDEX('Dish Database'!$B:$B,MATCH(C5,'Dish Database'!$A:$A,0)) -> Coconut chutney | C5: D492 | D5: 30 | E5: =D5/100*INDEX('Dish Database'!$J:$J,MATCH(C5,'Dish Database'!$A:$A,0)) -> 65.25 | F5: =D5/100*INDEX('Dish Database'!$K:$K,MATCH(C5,'Dish Database'!$A:$A,0)) -> 1.05 | G5: =D5/100*INDEX('Dish Database'!$L:$L,MATCH(C5,'Dish Database'!$A:$A,0)) -> 3.6 | H5: =D5/100*INDEX('Dish Database'!$M:$M,MATCH(C5,'Dish Database'!$A:$A,0)) -> 5.55 | I5: =D5/100*INDEX('Dish Database'!$N:$N,MATCH(C5,'Dish Database'!$A:$A,0)) -> 1.65 | J5: =D5/100*INDEX('Dish Database'!$O:$O,MATCH(C5,'Dish Database'!$A:$A,0)) -> 0.75 | K5: =D5/100*INDEX('Dish Database'!$P:$P,MATCH(C5,'Dish Database'!$A:$A,0)) -> 90
B6: TOTAL | D6: =SUM(D3:D5) -> 260 | E6: =SUM(E3:E5) -> 285.25 | F6: =SUM(F3:F5) -> 9.66 | G6: =SUM(G3:G5) -> 42.15 | H6: =SUM(H3:H5) -> 10.15 | I6: =SUM(I3:I5) -> 6.67 | J6: =SUM(J3:J5) -> 3.91 | K6: =SUM(K3:K5) -> 785
A8: Masala dosa with sambar & chutney
B9: =INDEX('Dish Database'!$B:$B,MATCH(C9,'Dish Database'!$A:$A,0)) -> Masala dosa | C9: D143 | D9: 170 | E9: =D9/100*INDEX('Dish Database'!$J:$J,MATCH(C9,'Dish Database'!$A:$A,0)) -> 286.28 | F9: =D9/100*INDEX('Dish Database'!$K:$K,MATCH(C9,'Dish Database'!$A:$A,0)) -> 6.12 | G9: =D9/100*INDEX('Dish Database'!$L:$L,MATCH(C9,'Dish Database'!$A:$A,0)) -> 44.2 | H9: =D9/100*INDEX('Dish Database'!$M:$M,MATCH(C9,'Dish Database'!$A:$A,0)) -> 10.2 | I9: =D9/100*INDEX('Dish Database'!$N:$N,MATCH(C9,'Dish Database'!$A:$A,0)) -> 3.4 | J9: =D9/100*INDEX('Dish Database'!$O:$O,MATCH(C9,'Dish Database'!$A:$A,0)) -> 1.7 | K9: =D9/100*INDEX('Dish Database'!$P:$P,MATCH(C9,'Dish Database'!$A:$A,0)) -> 561
B10: =INDEX('Dish Database'!$B:$B,MATCH(C10,'Dish Database'!$A:$A,0)) -> Sambar | C10: D250 | D10: 150 | E10: =D10/100*INDEX('Dish Database'!$J:$J,MATCH(C10,'Dish Database'!$A:$A,0)) -> 114 | F10: =D10/100*INDEX('Dish Database'!$K:$K,MATCH(C10,'Dish Database'!$A:$A,0)) -> 5.25 | G10: =D10/100*INDEX('Dish Database'!$L:$L,MATCH(C10,'Dish Database'!$A:$A,0)) -> 15.75 | H10: =D10/100*INDEX('Dish Database'!$M:$M,MATCH(C10,'Dish Database'!$A:$A,0)) -> 4.2 | I10: =D10/100*INDEX('Dish Database'!$N:$N,MATCH(C10,'Dish Database'!$A:$A,0)) -> 3.9 | J10: =D10/100*INDEX('Dish Database'!$O:$O,MATCH(C10,'Dish Database'!$A:$A,0)) -> 3 | K10: =D10/100*INDEX('Dish Database'!$P:$P,MATCH(C10,'Dish Database'!$A:$A,0)) -> 495
B11: =INDEX('Dish Database'!$B:$B,MATCH(C11,'Dish Database'!$A:$A,0)) -> Coconut chutney | C11: D492 | D11: 30 | E11: =D11/100*INDEX('Dish Database'!$J:$J,MATCH(C11,'Dish Database'!$A:$A,0)) -> 65.25 | F11: =D11/100*INDEX('Dish Database'!$K:$K,MATCH(C11,'Dish Database'!$A:$A,0)) -> 1.05 | G11: =D11/100*INDEX('Dish Database'!$L:$L,MATCH(C11,'Dish Database'!$A:$A,0)) -> 3.6 | H11: =D11/100*INDEX('Dish Database'!$M:$M,MATCH(C11,'Dish Database'!$A:$A,0)) -> 5.55 | I11: =D11/100*INDEX('Dish Database'!$N:$N,MATCH(C11,'Dish Database'!$A:$A,0)) -> 1.65 | J11: =D11/100*INDEX('Dish Database'!$O:$O,MATCH(C11,'Dish Database'!$A:$A,0)) -> 0.75 | K11: =D11/100*INDEX('Dish Database'!$P:$P,MATCH(C11,'Dish Database'!$A:$A,0)) -> 90
B12: TOTAL | D12: =SUM(D9:D11) -> 350 | E12: =SUM(E9:E11) -> 465.53 | F12: =SUM(F9:F11) -> 12.42 | G12: =SUM(G9:G11) -> 63.55 | H12: =SUM(H9:H11) -> 19.95 | I12: =SUM(I9:I11) -> 8.95 | J12: =SUM(J9:J11) -> 5.45 | K12: =SUM(K9:K11) -> 1146
A14: Medu vada sambar (2 vada)
B15: =INDEX('Dish Database'!$B:$B,MATCH(C15,'Dish Database'!$A:$A,0)) -> Medu vada | C15: D161 | D15: 100 | E15: =D15/100*INDEX('Dish Database'!$J:$J,MATCH(C15,'Dish Database'!$A:$A,0)) -> 280 | F15: =D15/100*INDEX('Dish Database'!$K:$K,MATCH(C15,'Dish Database'!$A:$A,0)) -> 10 | G15: =D15/100*INDEX('Dish Database'!$L:$L,MATCH(C15,'Dish Database'!$A:$A,0)) -> 24 | H15: =D15/100*INDEX('Dish Database'!$M:$M,MATCH(C15,'Dish Database'!$A:$A,0)) -> 17 | I15: =D15/100*INDEX('Dish Database'!$N:$N,MATCH(C15,'Dish Database'!$A:$A,0)) -> 4.5 | J15: =D15/100*INDEX('Dish Database'!$O:$O,MATCH(C15,'Dish Database'!$A:$A,0)) -> 0.5 | K15: =D15/100*INDEX('Dish Database'!$P:$P,MATCH(C15,'Dish Database'!$A:$A,0)) -> 380
B16: =INDEX('Dish Database'!$B:$B,MATCH(C16,'Dish Database'!$A:$A,0)) -> Sambar | C16: D250 | D16: 150 | E16: =D16/100*INDEX('Dish Database'!$J:$J,MATCH(C16,'Dish Database'!$A:$A,0)) -> 114 | F16: =D16/100*INDEX('Dish Database'!$K:$K,MATCH(C16,'Dish Database'!$A:$A,0)) -> 5.25 | G16: =D16/100*INDEX('Dish Database'!$L:$L,MATCH(C16,'Dish Database'!$A:$A,0)) -> 15.75 | H16: =D16/100*INDEX('Dish Database'!$M:$M,MATCH(C16,'Dish Database'!$A:$A,0)) -> 4.2 | I16: =D16/100*INDEX('Dish Database'!$N:$N,MATCH(C16,'Dish Database'!$A:$A,0)) -> 3.9 | J16: =D16/100*INDEX('Dish Database'!$O:$O,MATCH(C16,'Dish Database'!$A:$A,0)) -> 3 | K16: =D16/100*INDEX('Dish Database'!$P:$P,MATCH(C16,'Dish Database'!$A:$A,0)) -> 495
B17: =INDEX('Dish Database'!$B:$B,MATCH(C17,'Dish Database'!$A:$A,0)) -> Coconut chutney | C17: D492 | D17: 30 | E17: =D17/100*INDEX('Dish Database'!$J:$J,MATCH(C17,'Dish Database'!$A:$A,0)) -> 65.25 | F17: =D17/100*INDEX('Dish Database'!$K:$K,MATCH(C17,'Dish Database'!$A:$A,0)) -> 1.05 | G17: =D17/100*INDEX('Dish Database'!$L:$L,MATCH(C17,'Dish Database'!$A:$A,0)) -> 3.6 | H17: =D17/100*INDEX('Dish Database'!$M:$M,MATCH(C17,'Dish Database'!$A:$A,0)) -> 5.55 | I17: =D17/100*INDEX('Dish Database'!$N:$N,MATCH(C17,'Dish Database'!$A:$A,0)) -> 1.65 | J17: =D17/100*INDEX('Dish Database'!$O:$O,MATCH(C17,'Dish Database'!$A:$A,0)) -> 0.75 | K17: =D17/100*INDEX('Dish Database'!$P:$P,MATCH(C17,'Dish Database'!$A:$A,0)) -> 90
B18: TOTAL | D18: =SUM(D15:D17) -> 280 | E18: =SUM(E15:E17) -> 459.25 | F18: =SUM(F15:F17) -> 16.3 | G18: =SUM(G15:G17) -> 43.35 | H18: =SUM(H15:H17) -> 26.75 | I18: =SUM(I15:I17) -> 10.05 | J18: =SUM(J15:J17) -> 4.25 | K18: =SUM(K15:K17) -> 965
A20: Pongal vada
B21: =INDEX('Dish Database'!$B:$B,MATCH(C21,'Dish Database'!$A:$A,0)) -> Ven pongal | C21: D164 | D21: 175 | E21: =D21/100*INDEX('Dish Database'!$J:$J,MATCH(C21,'Dish Database'!$A:$A,0)) -> 273.175 | F21: =D21/100*INDEX('Dish Database'!$K:$K,MATCH(C21,'Dish Database'!$A:$A,0)) -> 7 | G21: =D21/100*INDEX('Dish Database'!$L:$L,MATCH(C21,'Dish Database'!$A:$A,0)) -> 36.75 | H21: =D21/100*INDEX('Dish Database'!$M:$M,MATCH(C21,'Dish Database'!$A:$A,0)) -> 11.375 | I21: =D21/100*INDEX('Dish Database'!$N:$N,MATCH(C21,'Dish Database'!$A:$A,0)) -> 2.1 | J21: =D21/100*INDEX('Dish Database'!$O:$O,MATCH(C21,'Dish Database'!$A:$A,0)) -> 0.525 | K21: =D21/100*INDEX('Dish Database'!$P:$P,MATCH(C21,'Dish Database'!$A:$A,0)) -> 525
B22: =INDEX('Dish Database'!$B:$B,MATCH(C22,'Dish Database'!$A:$A,0)) -> Medu vada | C22: D161 | D22: 50 | E22: =D22/100*INDEX('Dish Database'!$J:$J,MATCH(C22,'Dish Database'!$A:$A,0)) -> 140 | F22: =D22/100*INDEX('Dish Database'!$K:$K,MATCH(C22,'Dish Database'!$A:$A,0)) -> 5 | G22: =D22/100*INDEX('Dish Database'!$L:$L,MATCH(C22,'Dish Database'!$A:$A,0)) -> 12 | H22: =D22/100*INDEX('Dish Database'!$M:$M,MATCH(C22,'Dish Database'!$A:$A,0)) -> 8.5 | I22: =D22/100*INDEX('Dish Database'!$N:$N,MATCH(C22,'Dish Database'!$A:$A,0)) -> 2.25 | J22: =D22/100*INDEX('Dish Database'!$O:$O,MATCH(C22,'Dish Database'!$A:$A,0)) -> 0.25 | K22: =D22/100*INDEX('Dish Database'!$P:$P,MATCH(C22,'Dish Database'!$A:$A,0)) -> 190
B23: =INDEX('Dish Database'!$B:$B,MATCH(C23,'Dish Database'!$A:$A,0)) -> Sambar | C23: D250 | D23: 100 | E23: =D23/100*INDEX('Dish Database'!$J:$J,MATCH(C23,'Dish Database'!$A:$A,0)) -> 76 | F23: =D23/100*INDEX('Dish Database'!$K:$K,MATCH(C23,'Dish Database'!$A:$A,0)) -> 3.5 | G23: =D23/100*INDEX('Dish Database'!$L:$L,MATCH(C23,'Dish Database'!$A:$A,0)) -> 10.5 | H23: =D23/100*INDEX('Dish Database'!$M:$M,MATCH(C23,'Dish Database'!$A:$A,0)) -> 2.8 | I23: =D23/100*INDEX('Dish Database'!$N:$N,MATCH(C23,'Dish Database'!$A:$A,0)) -> 2.6 | J23: =D23/100*INDEX('Dish Database'!$O:$O,MATCH(C23,'Dish Database'!$A:$A,0)) -> 2 | K23: =D23/100*INDEX('Dish Database'!$P:$P,MATCH(C23,'Dish Database'!$A:$A,0)) -> 330
B24: =INDEX('Dish Database'!$B:$B,MATCH(C24,'Dish Database'!$A:$A,0)) -> Coconut chutney | C24: D492 | D24: 30 | E24: =D24/100*INDEX('Dish Database'!$J:$J,MATCH(C24,'Dish Database'!$A:$A,0)) -> 65.25 | F24: =D24/100*INDEX('Dish Database'!$K:$K,MATCH(C24,'Dish Database'!$A:$A,0)) -> 1.05 | G24: =D24/100*INDEX('Dish Database'!$L:$L,MATCH(C24,'Dish Database'!$A:$A,0)) -> 3.6 | H24: =D24/100*INDEX('Dish Database'!$M:$M,MATCH(C24,'Dish Database'!$A:$A,0)) -> 5.55 | I24: =D24/100*INDEX('Dish Database'!$N:$N,MATCH(C24,'Dish Database'!$A:$A,0)) -> 1.65 | J24: =D24/100*INDEX('Dish Database'!$O:$O,MATCH(C24,'Dish Database'!$A:$A,0)) -> 0.75 | K24: =D24/100*INDEX('Dish Database'!$P:$P,MATCH(C24,'Dish Database'!$A:$A,0)) -> 90
B25: TOTAL | D25: =SUM(D21:D24) -> 355 | E25: =SUM(E21:E24) -> 554.425 | F25: =SUM(F21:F24) -> 16.55 | G25: =SUM(G21:G24) -> 62.85 | H25: =SUM(H21:H24) -> 28.225 | I25: =SUM(I21:I24) -> 8.6 | J25: =SUM(J21:J24) -> 3.525 | K25: =SUM(K21:K24) -> 1135
A27: Upma with filter coffee
B28: =INDEX('Dish Database'!$B:$B,MATCH(C28,'Dish Database'!$A:$A,0)) -> Upma (rava) | C28: D095 | D28: 175 | E28: =D28/100*INDEX('Dish Database'!$J:$J,MATCH(C28,'Dish Database'!$A:$A,0)) -> 260.925 | F28: =D28/100*INDEX('Dish Database'!$K:$K,MATCH(C28,'Dish Database'!$A:$A,0)) -> 6.125 | G28: =D28/100*INDEX('Dish Database'!$L:$L,MATCH(C28,'Dish Database'!$A:$A,0)) -> 38.5 | H28: =D28/100*INDEX('Dish Database'!$M:$M,MATCH(C28,'Dish Database'!$A:$A,0)) -> 9.625 | I28: =D28/100*INDEX('Dish Database'!$N:$N,MATCH(C28,'Dish Database'!$A:$A,0)) -> 2.1 | J28: =D28/100*INDEX('Dish Database'!$O:$O,MATCH(C28,'Dish Database'!$A:$A,0)) -> 1.75 | K28: =D28/100*INDEX('Dish Database'!$P:$P,MATCH(C28,'Dish Database'!$A:$A,0)) -> 577.5
B29: =INDEX('Dish Database'!$B:$B,MATCH(C29,'Dish Database'!$A:$A,0)) -> South Indian filter coffee (milk + sugar) | C29: D008 | D29: 150 | E29: =D29/100*INDEX('Dish Database'!$J:$J,MATCH(C29,'Dish Database'!$A:$A,0)) -> 106.35 | F29: =D29/100*INDEX('Dish Database'!$K:$K,MATCH(C29,'Dish Database'!$A:$A,0)) -> 3.9 | G29: =D29/100*INDEX('Dish Database'!$L:$L,MATCH(C29,'Dish Database'!$A:$A,0)) -> 14.25 | H29: =D29/100*INDEX('Dish Database'!$M:$M,MATCH(C29,'Dish Database'!$A:$A,0)) -> 3.75 | I29: =D29/100*INDEX('Dish Database'!$N:$N,MATCH(C29,'Dish Database'!$A:$A,0)) -> 0 | J29: =D29/100*INDEX('Dish Database'!$O:$O,MATCH(C29,'Dish Database'!$A:$A,0)) -> 14.25 | K29: =D29/100*INDEX('Dish Database'!$P:$P,MATCH(C29,'Dish Database'!$A:$A,0)) -> 52.5
B30: TOTAL | D30: =SUM(D28:D29) -> 325 | E30: =SUM(E28:E29) -> 367.275 | F30: =SUM(F28:F29) -> 10.025 | G30: =SUM(G28:G29) -> 52.75 | H30: =SUM(H28:H29) -> 13.375 | I30: =SUM(I28:I29) -> 2.1 | J30: =SUM(J28:J29) -> 16 | K30: =SUM(K28:K29) -> 630
A32: Poha with masala chai
B33: =INDEX('Dish Database'!$B:$B,MATCH(C33,'Dish Database'!$A:$A,0)) -> Poha (kanda/Indori, with peanuts) | C33: D094 | D33: 175 | E33: =D33/100*INDEX('Dish Database'!$J:$J,MATCH(C33,'Dish Database'!$A:$A,0)) -> 289.45 | F33: =D33/100*INDEX('Dish Database'!$K:$K,MATCH(C33,'Dish Database'!$A:$A,0)) -> 6.3 | G33: =D33/100*INDEX('Dish Database'!$L:$L,MATCH(C33,'Dish Database'!$A:$A,0)) -> 44.625 | H33: =D33/100*INDEX('Dish Database'!$M:$M,MATCH(C33,'Dish Database'!$A:$A,0)) -> 10.15 | I33: =D33/100*INDEX('Dish Database'!$N:$N,MATCH(C33,'Dish Database'!$A:$A,0)) -> 2.8 | J33: =D33/100*INDEX('Dish Database'!$O:$O,MATCH(C33,'Dish Database'!$A:$A,0)) -> 3.15 | K33: =D33/100*INDEX('Dish Database'!$P:$P,MATCH(C33,'Dish Database'!$A:$A,0)) -> 560
B34: =INDEX('Dish Database'!$B:$B,MATCH(C34,'Dish Database'!$A:$A,0)) -> Masala chai (milk + sugar) | C34: D001 | D34: 150 | E34: =D34/100*INDEX('Dish Database'!$J:$J,MATCH(C34,'Dish Database'!$A:$A,0)) -> 83.25 | F34: =D34/100*INDEX('Dish Database'!$K:$K,MATCH(C34,'Dish Database'!$A:$A,0)) -> 2.4 | G34: =D34/100*INDEX('Dish Database'!$L:$L,MATCH(C34,'Dish Database'!$A:$A,0)) -> 13.35 | H34: =D34/100*INDEX('Dish Database'!$M:$M,MATCH(C34,'Dish Database'!$A:$A,0)) -> 2.25 | I34: =D34/100*INDEX('Dish Database'!$N:$N,MATCH(C34,'Dish Database'!$A:$A,0)) -> 0 | J34: =D34/100*INDEX('Dish Database'!$O:$O,MATCH(C34,'Dish Database'!$A:$A,0)) -> 13.35 | K34: =D34/100*INDEX('Dish Database'!$P:$P,MATCH(C34,'Dish Database'!$A:$A,0)) -> 33
B35: TOTAL | D35: =SUM(D33:D34) -> 325 | E35: =SUM(E33:E34) -> 372.7 | F35: =SUM(F33:F34) -> 8.7 | G35: =SUM(G33:G34) -> 57.975 | H35: =SUM(H33:H34) -> 12.4 | I35: =SUM(I33:I34) -> 2.8 | J35: =SUM(J33:J34) -> 16.5 | K35: =SUM(K33:K34) -> 593
A37: Aloo paratha breakfast (2 parathas, curd, butter, pickle)
B38: =INDEX('Dish Database'!$B:$B,MATCH(C38,'Dish Database'!$A:$A,0)) -> Aloo paratha | C38: D105 | D38: 240 | E38: =D38/100*INDEX('Dish Database'!$J:$J,MATCH(C38,'Dish Database'!$A:$A,0)) -> 560.4 | F38: =D38/100*INDEX('Dish Database'!$K:$K,MATCH(C38,'Dish Database'!$A:$A,0)) -> 12 | G38: =D38/100*INDEX('Dish Database'!$L:$L,MATCH(C38,'Dish Database'!$A:$A,0)) -> 81.6 | H38: =D38/100*INDEX('Dish Database'!$M:$M,MATCH(C38,'Dish Database'!$A:$A,0)) -> 22.8 | I38: =D38/100*INDEX('Dish Database'!$N:$N,MATCH(C38,'Dish Database'!$A:$A,0)) -> 9.6 | J38: =D38/100*INDEX('Dish Database'!$O:$O,MATCH(C38,'Dish Database'!$A:$A,0)) -> 3.6 | K38: =D38/100*INDEX('Dish Database'!$P:$P,MATCH(C38,'Dish Database'!$A:$A,0)) -> 840
B39: =INDEX('Dish Database'!$B:$B,MATCH(C39,'Dish Database'!$A:$A,0)) -> Plain curd (dahi, whole milk) | C39: D480 | D39: 100 | E39: =D39/100*INDEX('Dish Database'!$J:$J,MATCH(C39,'Dish Database'!$A:$A,0)) -> 65.4 | F39: =D39/100*INDEX('Dish Database'!$K:$K,MATCH(C39,'Dish Database'!$A:$A,0)) -> 3.3 | G39: =D39/100*INDEX('Dish Database'!$L:$L,MATCH(C39,'Dish Database'!$A:$A,0)) -> 4.5 | H39: =D39/100*INDEX('Dish Database'!$M:$M,MATCH(C39,'Dish Database'!$A:$A,0)) -> 3.8 | I39: =D39/100*INDEX('Dish Database'!$N:$N,MATCH(C39,'Dish Database'!$A:$A,0)) -> 0 | J39: =D39/100*INDEX('Dish Database'!$O:$O,MATCH(C39,'Dish Database'!$A:$A,0)) -> 4.5 | K39: =D39/100*INDEX('Dish Database'!$P:$P,MATCH(C39,'Dish Database'!$A:$A,0)) -> 45
B40: =INDEX('Dish Database'!$B:$B,MATCH(C40,'Dish Database'!$A:$A,0)) -> Butter (salted) | C40: D579 | D40: 10 | E40: =D40/100*INDEX('Dish Database'!$J:$J,MATCH(C40,'Dish Database'!$A:$A,0)) -> 73.3 | F40: =D40/100*INDEX('Dish Database'!$K:$K,MATCH(C40,'Dish Database'!$A:$A,0)) -> 0.09 | G40: =D40/100*INDEX('Dish Database'!$L:$L,MATCH(C40,'Dish Database'!$A:$A,0)) -> 0.01 | H40: =D40/100*INDEX('Dish Database'!$M:$M,MATCH(C40,'Dish Database'!$A:$A,0)) -> 8.1 | I40: =D40/100*INDEX('Dish Database'!$N:$N,MATCH(C40,'Dish Database'!$A:$A,0)) -> 0 | J40: =D40/100*INDEX('Dish Database'!$O:$O,MATCH(C40,'Dish Database'!$A:$A,0)) -> 0.01 | K40: =D40/100*INDEX('Dish Database'!$P:$P,MATCH(C40,'Dish Database'!$A:$A,0)) -> 58
B41: =INDEX('Dish Database'!$B:$B,MATCH(C41,'Dish Database'!$A:$A,0)) -> Mango pickle (in oil) | C41: D499 | D41: 10 | E41: =D41/100*INDEX('Dish Database'!$J:$J,MATCH(C41,'Dish Database'!$A:$A,0)) -> 16.6 | F41: =D41/100*INDEX('Dish Database'!$K:$K,MATCH(C41,'Dish Database'!$A:$A,0)) -> 0.1 | G41: =D41/100*INDEX('Dish Database'!$L:$L,MATCH(C41,'Dish Database'!$A:$A,0)) -> 0.8 | H41: =D41/100*INDEX('Dish Database'!$M:$M,MATCH(C41,'Dish Database'!$A:$A,0)) -> 1.5 | I41: =D41/100*INDEX('Dish Database'!$N:$N,MATCH(C41,'Dish Database'!$A:$A,0)) -> 0.25 | J41: =D41/100*INDEX('Dish Database'!$O:$O,MATCH(C41,'Dish Database'!$A:$A,0)) -> 0.15 | K41: =D41/100*INDEX('Dish Database'!$P:$P,MATCH(C41,'Dish Database'!$A:$A,0)) -> 260
B42: TOTAL | D42: =SUM(D38:D41) -> 360 | E42: =SUM(E38:E41) -> 715.7 | F42: =SUM(F38:F41) -> 15.49 | G42: =SUM(G38:G41) -> 86.91 | H42: =SUM(H38:H41) -> 36.2 | I42: =SUM(I38:I41) -> 9.85 | J42: =SUM(J38:J41) -> 8.26 | K42: =SUM(K38:K41) -> 1203
A44: Chole bhature (2 bhature)
B45: =INDEX('Dish Database'!$B:$B,MATCH(C45,'Dish Database'!$A:$A,0)) -> Bhatura | C45: D193 | D45: 160 | E45: =D45/100*INDEX('Dish Database'!$J:$J,MATCH(C45,'Dish Database'!$A:$A,0)) -> 531.2 | F45: =D45/100*INDEX('Dish Database'!$K:$K,MATCH(C45,'Dish Database'!$A:$A,0)) -> 12 | G45: =D45/100*INDEX('Dish Database'!$L:$L,MATCH(C45,'Dish Database'!$A:$A,0)) -> 72 | H45: =D45/100*INDEX('Dish Database'!$M:$M,MATCH(C45,'Dish Database'!$A:$A,0)) -> 22.4 | I45: =D45/100*INDEX('Dish Database'!$N:$N,MATCH(C45,'Dish Database'!$A:$A,0)) -> 3.2 | J45: =D45/100*INDEX('Dish Database'!$O:$O,MATCH(C45,'Dish Database'!$A:$A,0)) -> 3.2 | K45: =D45/100*INDEX('Dish Database'!$P:$P,MATCH(C45,'Dish Database'!$A:$A,0)) -> 640
B46: =INDEX('Dish Database'!$B:$B,MATCH(C46,'Dish Database'!$A:$A,0)) -> Chole / Chana masala | C46: D241 | D46: 150 | E46: =D46/100*INDEX('Dish Database'!$J:$J,MATCH(C46,'Dish Database'!$A:$A,0)) -> 217.5 | F46: =D46/100*INDEX('Dish Database'!$K:$K,MATCH(C46,'Dish Database'!$A:$A,0)) -> 9.75 | G46: =D46/100*INDEX('Dish Database'!$L:$L,MATCH(C46,'Dish Database'!$A:$A,0)) -> 28.5 | H46: =D46/100*INDEX('Dish Database'!$M:$M,MATCH(C46,'Dish Database'!$A:$A,0)) -> 9 | I46: =D46/100*INDEX('Dish Database'!$N:$N,MATCH(C46,'Dish Database'!$A:$A,0)) -> 8.25 | J46: =D46/100*INDEX('Dish Database'!$O:$O,MATCH(C46,'Dish Database'!$A:$A,0)) -> 3 | K46: =D46/100*INDEX('Dish Database'!$P:$P,MATCH(C46,'Dish Database'!$A:$A,0)) -> 600
B47: =INDEX('Dish Database'!$B:$B,MATCH(C47,'Dish Database'!$A:$A,0)) -> Green salad | C47: D487 | D47: 50 | E47: =D47/100*INDEX('Dish Database'!$J:$J,MATCH(C47,'Dish Database'!$A:$A,0)) -> 12.3 | F47: =D47/100*INDEX('Dish Database'!$K:$K,MATCH(C47,'Dish Database'!$A:$A,0)) -> 0.5 | G47: =D47/100*INDEX('Dish Database'!$L:$L,MATCH(C47,'Dish Database'!$A:$A,0)) -> 2.75 | H47: =D47/100*INDEX('Dish Database'!$M:$M,MATCH(C47,'Dish Database'!$A:$A,0)) -> 0.1 | I47: =D47/100*INDEX('Dish Database'!$N:$N,MATCH(C47,'Dish Database'!$A:$A,0)) -> 0.8 | J47: =D47/100*INDEX('Dish Database'!$O:$O,MATCH(C47,'Dish Database'!$A:$A,0)) -> 1.5 | K47: =D47/100*INDEX('Dish Database'!$P:$P,MATCH(C47,'Dish Database'!$A:$A,0)) -> 5
B48: =INDEX('Dish Database'!$B:$B,MATCH(C48,'Dish Database'!$A:$A,0)) -> Mango pickle (in oil) | C48: D499 | D48: 5 | E48: =D48/100*INDEX('Dish Database'!$J:$J,MATCH(C48,'Dish Database'!$A:$A,0)) -> 8.3 | F48: =D48/100*INDEX('Dish Database'!$K:$K,MATCH(C48,'Dish Database'!$A:$A,0)) -> 0.05 | G48: =D48/100*INDEX('Dish Database'!$L:$L,MATCH(C48,'Dish Database'!$A:$A,0)) -> 0.4 | H48: =D48/100*INDEX('Dish Database'!$M:$M,MATCH(C48,'Dish Database'!$A:$A,0)) -> 0.75 | I48: =D48/100*INDEX('Dish Database'!$N:$N,MATCH(C48,'Dish Database'!$A:$A,0)) -> 0.125 | J48: =D48/100*INDEX('Dish Database'!$O:$O,MATCH(C48,'Dish Database'!$A:$A,0)) -> 0.075 | K48: =D48/100*INDEX('Dish Database'!$P:$P,MATCH(C48,'Dish Database'!$A:$A,0)) -> 130
B49: TOTAL | D49: =SUM(D45:D48) -> 365 | E49: =SUM(E45:E48) -> 769.3 | F49: =SUM(F45:F48) -> 22.3 | G49: =SUM(G45:G48) -> 103.65 | H49: =SUM(H45:H48) -> 32.25 | I49: =SUM(I45:I48) -> 12.375 | J49: =SUM(J45:J48) -> 7.775 | K49: =SUM(K45:K48) -> 1375
A51: Poori bhaji (4 poori)
B52: =INDEX('Dish Database'!$B:$B,MATCH(C52,'Dish Database'!$A:$A,0)) -> Poori (wheat, deep fried) | C52: D122 | D52: 120 | E52: =D52/100*INDEX('Dish Database'!$J:$J,MATCH(C52,'Dish Database'!$A:$A,0)) -> 387.6 | F52: =D52/100*INDEX('Dish Database'!$K:$K,MATCH(C52,'Dish Database'!$A:$A,0)) -> 9 | G52: =D52/100*INDEX('Dish Database'!$L:$L,MATCH(C52,'Dish Database'!$A:$A,0)) -> 50.4 | H52: =D52/100*INDEX('Dish Database'!$M:$M,MATCH(C52,'Dish Database'!$A:$A,0)) -> 18 | I52: =D52/100*INDEX('Dish Database'!$N:$N,MATCH(C52,'Dish Database'!$A:$A,0)) -> 6 | J52: =D52/100*INDEX('Dish Database'!$O:$O,MATCH(C52,'Dish Database'!$A:$A,0)) -> 1.2 | K52: =D52/100*INDEX('Dish Database'!$P:$P,MATCH(C52,'Dish Database'!$A:$A,0)) -> 336
B53: =INDEX('Dish Database'!$B:$B,MATCH(C53,'Dish Database'!$A:$A,0)) -> Aloo tamatar (rasedar aloo) | C53: D273 | D53: 150 | E53: =D53/100*INDEX('Dish Database'!$J:$J,MATCH(C53,'Dish Database'!$A:$A,0)) -> 131.4 | F53: =D53/100*INDEX('Dish Database'!$K:$K,MATCH(C53,'Dish Database'!$A:$A,0)) -> 2.7 | G53: =D53/100*INDEX('Dish Database'!$L:$L,MATCH(C53,'Dish Database'!$A:$A,0)) -> 18 | H53: =D53/100*INDEX('Dish Database'!$M:$M,MATCH(C53,'Dish Database'!$A:$A,0)) -> 6 | I53: =D53/100*INDEX('Dish Database'!$N:$N,MATCH(C53,'Dish Database'!$A:$A,0)) -> 2.7 | J53: =D53/100*INDEX('Dish Database'!$O:$O,MATCH(C53,'Dish Database'!$A:$A,0)) -> 3.75 | K53: =D53/100*INDEX('Dish Database'!$P:$P,MATCH(C53,'Dish Database'!$A:$A,0)) -> 525
B54: TOTAL | D54: =SUM(D52:D53) -> 270 | E54: =SUM(E52:E53) -> 519 | F54: =SUM(F52:F53) -> 11.7 | G54: =SUM(G52:G53) -> 68.4 | H54: =SUM(H52:H53) -> 24 | I54: =SUM(I52:I53) -> 8.7 | J54: =SUM(J52:J53) -> 4.95 | K54: =SUM(K52:K53) -> 861
A56: Pav bhaji (2 butter pav)
B57: =INDEX('Dish Database'!$B:$B,MATCH(C57,'Dish Database'!$A:$A,0)) -> Butter pav (toasted) | C57: D196 | D57: 90 | E57: =D57/100*INDEX('Dish Database'!$J:$J,MATCH(C57,'Dish Database'!$A:$A,0)) -> 279.18 | F57: =D57/100*INDEX('Dish Database'!$K:$K,MATCH(C57,'Dish Database'!$A:$A,0)) -> 6.75 | G57: =D57/100*INDEX('Dish Database'!$L:$L,MATCH(C57,'Dish Database'!$A:$A,0)) -> 39.6 | H57: =D57/100*INDEX('Dish Database'!$M:$M,MATCH(C57,'Dish Database'!$A:$A,0)) -> 10.8 | I57: =D57/100*INDEX('Dish Database'!$N:$N,MATCH(C57,'Dish Database'!$A:$A,0)) -> 1.71 | J57: =D57/100*INDEX('Dish Database'!$O:$O,MATCH(C57,'Dish Database'!$A:$A,0)) -> 3.15 | K57: =D57/100*INDEX('Dish Database'!$P:$P,MATCH(C57,'Dish Database'!$A:$A,0)) -> 432
B58: =INDEX('Dish Database'!$B:$B,MATCH(C58,'Dish Database'!$A:$A,0)) -> Pav bhaji - bhaji only | C58: D284 | D58: 200 | E58: =D58/100*INDEX('Dish Database'!$J:$J,MATCH(C58,'Dish Database'!$A:$A,0)) -> 247 | F58: =D58/100*INDEX('Dish Database'!$K:$K,MATCH(C58,'Dish Database'!$A:$A,0)) -> 5 | G58: =D58/100*INDEX('Dish Database'!$L:$L,MATCH(C58,'Dish Database'!$A:$A,0)) -> 26 | H58: =D58/100*INDEX('Dish Database'!$M:$M,MATCH(C58,'Dish Database'!$A:$A,0)) -> 15 | I58: =D58/100*INDEX('Dish Database'!$N:$N,MATCH(C58,'Dish Database'!$A:$A,0)) -> 6 | J58: =D58/100*INDEX('Dish Database'!$O:$O,MATCH(C58,'Dish Database'!$A:$A,0)) -> 7 | K58: =D58/100*INDEX('Dish Database'!$P:$P,MATCH(C58,'Dish Database'!$A:$A,0)) -> 900
B59: =INDEX('Dish Database'!$B:$B,MATCH(C59,'Dish Database'!$A:$A,0)) -> Butter (salted) | C59: D579 | D59: 10 | E59: =D59/100*INDEX('Dish Database'!$J:$J,MATCH(C59,'Dish Database'!$A:$A,0)) -> 73.3 | F59: =D59/100*INDEX('Dish Database'!$K:$K,MATCH(C59,'Dish Database'!$A:$A,0)) -> 0.09 | G59: =D59/100*INDEX('Dish Database'!$L:$L,MATCH(C59,'Dish Database'!$A:$A,0)) -> 0.01 | H59: =D59/100*INDEX('Dish Database'!$M:$M,MATCH(C59,'Dish Database'!$A:$A,0)) -> 8.1 | I59: =D59/100*INDEX('Dish Database'!$N:$N,MATCH(C59,'Dish Database'!$A:$A,0)) -> 0 | J59: =D59/100*INDEX('Dish Database'!$O:$O,MATCH(C59,'Dish Database'!$A:$A,0)) -> 0.01 | K59: =D59/100*INDEX('Dish Database'!$P:$P,MATCH(C59,'Dish Database'!$A:$A,0)) -> 58
B60: =INDEX('Dish Database'!$B:$B,MATCH(C60,'Dish Database'!$A:$A,0)) -> Green salad | C60: D487 | D60: 30 | E60: =D60/100*INDEX('Dish Database'!$J:$J,MATCH(C60,'Dish Database'!$A:$A,0)) -> 7.38 | F60: =D60/100*INDEX('Dish Database'!$K:$K,MATCH(C60,'Dish Database'!$A:$A,0)) -> 0.3 | G60: =D60/100*INDEX('Dish Database'!$L:$L,MATCH(C60,'Dish Database'!$A:$A,0)) -> 1.65 | H60: =D60/100*INDEX('Dish Database'!$M:$M,MATCH(C60,'Dish Database'!$A:$A,0)) -> 0.06 | I60: =D60/100*INDEX('Dish Database'!$N:$N,MATCH(C60,'Dish Database'!$A:$A,0)) -> 0.48 | J60: =D60/100*INDEX('Dish Database'!$O:$O,MATCH(C60,'Dish Database'!$A:$A,0)) -> 0.9 | K60: =D60/100*INDEX('Dish Database'!$P:$P,MATCH(C60,'Dish Database'!$A:$A,0)) -> 3
B61: TOTAL | D61: =SUM(D57:D60) -> 330 | E61: =SUM(E57:E60) -> 606.86 | F61: =SUM(F57:F60) -> 12.14 | G61: =SUM(G57:G60) -> 67.26 | H61: =SUM(H57:H60) -> 33.96 | I61: =SUM(I57:I60) -> 8.19 | J61: =SUM(J57:J60) -> 11.06 | K61: =SUM(K57:K60) -> 1393
A63: Misal pav (2 pav)
B64: =INDEX('Dish Database'!$B:$B,MATCH(C64,'Dish Database'!$A:$A,0)) -> Misal (usal + farsan, without pav) | C64: D127 | D64: 200 | E64: =D64/100*INDEX('Dish Database'!$J:$J,MATCH(C64,'Dish Database'!$A:$A,0)) -> 358 | F64: =D64/100*INDEX('Dish Database'!$K:$K,MATCH(C64,'Dish Database'!$A:$A,0)) -> 14 | G64: =D64/100*INDEX('Dish Database'!$L:$L,MATCH(C64,'Dish Database'!$A:$A,0)) -> 40 | H64: =D64/100*INDEX('Dish Database'!$M:$M,MATCH(C64,'Dish Database'!$A:$A,0)) -> 18 | I64: =D64/100*INDEX('Dish Database'!$N:$N,MATCH(C64,'Dish Database'!$A:$A,0)) -> 10 | J64: =D64/100*INDEX('Dish Database'!$O:$O,MATCH(C64,'Dish Database'!$A:$A,0)) -> 5 | K64: =D64/100*INDEX('Dish Database'!$P:$P,MATCH(C64,'Dish Database'!$A:$A,0)) -> 840
B65: =INDEX('Dish Database'!$B:$B,MATCH(C65,'Dish Database'!$A:$A,0)) -> Pav (ladi pav) | C65: D195 | D65: 80 | E65: =D65/100*INDEX('Dish Database'!$J:$J,MATCH(C65,'Dish Database'!$A:$A,0)) -> 212.48 | F65: =D65/100*INDEX('Dish Database'!$K:$K,MATCH(C65,'Dish Database'!$A:$A,0)) -> 6.8 | G65: =D65/100*INDEX('Dish Database'!$L:$L,MATCH(C65,'Dish Database'!$A:$A,0)) -> 40 | H65: =D65/100*INDEX('Dish Database'!$M:$M,MATCH(C65,'Dish Database'!$A:$A,0)) -> 3.2 | I65: =D65/100*INDEX('Dish Database'!$N:$N,MATCH(C65,'Dish Database'!$A:$A,0)) -> 1.76 | J65: =D65/100*INDEX('Dish Database'!$O:$O,MATCH(C65,'Dish Database'!$A:$A,0)) -> 3.2 | K65: =D65/100*INDEX('Dish Database'!$P:$P,MATCH(C65,'Dish Database'!$A:$A,0)) -> 360
B66: TOTAL | D66: =SUM(D64:D65) -> 280 | E66: =SUM(E64:E65) -> 570.48 | F66: =SUM(F64:F65) -> 20.8 | G66: =SUM(G64:G65) -> 80 | H66: =SUM(H64:H65) -> 21.2 | I66: =SUM(I64:I65) -> 11.76 | J66: =SUM(J64:J65) -> 8.2 | K66: =SUM(K64:K65) -> 1200
A68: Vada pav with cutting chai
B69: =INDEX('Dish Database'!$B:$B,MATCH(C69,'Dish Database'!$A:$A,0)) -> Vada pav | C69: D427 | D69: 140 | E69: =D69/100*INDEX('Dish Database'!$J:$J,MATCH(C69,'Dish Database'!$A:$A,0)) -> 351.26 | F69: =D69/100*INDEX('Dish Database'!$K:$K,MATCH(C69,'Dish Database'!$A:$A,0)) -> 7.98 | G69: =D69/100*INDEX('Dish Database'!$L:$L,MATCH(C69,'Dish Database'!$A:$A,0)) -> 48.16 | H69: =D69/100*INDEX('Dish Database'!$M:$M,MATCH(C69,'Dish Database'!$A:$A,0)) -> 14.98 | I69: =D69/100*INDEX('Dish Database'!$N:$N,MATCH(C69,'Dish Database'!$A:$A,0)) -> 4.06 | J69: =D69/100*INDEX('Dish Database'!$O:$O,MATCH(C69,'Dish Database'!$A:$A,0)) -> 4.2 | K69: =D69/100*INDEX('Dish Database'!$P:$P,MATCH(C69,'Dish Database'!$A:$A,0)) -> 700
B70: =INDEX('Dish Database'!$B:$B,MATCH(C70,'Dish Database'!$A:$A,0)) -> Cutting chai (strong, extra milk & sugar) | C70: D003 | D70: 75 | E70: =D70/100*INDEX('Dish Database'!$J:$J,MATCH(C70,'Dish Database'!$A:$A,0)) -> 51 | F70: =D70/100*INDEX('Dish Database'!$K:$K,MATCH(C70,'Dish Database'!$A:$A,0)) -> 1.5 | G70: =D70/100*INDEX('Dish Database'!$L:$L,MATCH(C70,'Dish Database'!$A:$A,0)) -> 7.875 | H70: =D70/100*INDEX('Dish Database'!$M:$M,MATCH(C70,'Dish Database'!$A:$A,0)) -> 1.5 | I70: =D70/100*INDEX('Dish Database'!$N:$N,MATCH(C70,'Dish Database'!$A:$A,0)) -> 0 | J70: =D70/100*INDEX('Dish Database'!$O:$O,MATCH(C70,'Dish Database'!$A:$A,0)) -> 7.875 | K70: =D70/100*INDEX('Dish Database'!$P:$P,MATCH(C70,'Dish Database'!$A:$A,0)) -> 21
B71: TOTAL | D71: =SUM(D69:D70) -> 215 | E71: =SUM(E69:E70) -> 402.26 | F71: =SUM(F69:F70) -> 9.48 | G71: =SUM(G69:G70) -> 56.035 | H71: =SUM(H69:H70) -> 16.48 | I71: =SUM(I69:I70) -> 4.06 | J71: =SUM(J69:J70) -> 12.075 | K71: =SUM(K69:K70) -> 721
A73: Samosa with masala chai
B74: =INDEX('Dish Database'!$B:$B,MATCH(C74,'Dish Database'!$A:$A,0)) -> Samosa (aloo) | C74: D400 | D74: 70 | E74: =D74/100*INDEX('Dish Database'!$J:$J,MATCH(C74,'Dish Database'!$A:$A,0)) -> 206.5 | F74: =D74/100*INDEX('Dish Database'!$K:$K,MATCH(C74,'Dish Database'!$A:$A,0)) -> 3.5 | G74: =D74/100*INDEX('Dish Database'!$L:$L,MATCH(C74,'Dish Database'!$A:$A,0)) -> 22.4 | H74: =D74/100*INDEX('Dish Database'!$M:$M,MATCH(C74,'Dish Database'!$A:$A,0)) -> 11.9 | I74: =D74/100*INDEX('Dish Database'!$N:$N,MATCH(C74,'Dish Database'!$A:$A,0)) -> 2.1 | J74: =D74/100*INDEX('Dish Database'!$O:$O,MATCH(C74,'Dish Database'!$A:$A,0)) -> 1.4 | K74: =D74/100*INDEX('Dish Database'!$P:$P,MATCH(C74,'Dish Database'!$A:$A,0)) -> 280
B75: =INDEX('Dish Database'!$B:$B,MATCH(C75,'Dish Database'!$A:$A,0)) -> Masala chai (milk + sugar) | C75: D001 | D75: 150 | E75: =D75/100*INDEX('Dish Database'!$J:$J,MATCH(C75,'Dish Database'!$A:$A,0)) -> 83.25 | F75: =D75/100*INDEX('Dish Database'!$K:$K,MATCH(C75,'Dish Database'!$A:$A,0)) -> 2.4 | G75: =D75/100*INDEX('Dish Database'!$L:$L,MATCH(C75,'Dish Database'!$A:$A,0)) -> 13.35 | H75: =D75/100*INDEX('Dish Database'!$M:$M,MATCH(C75,'Dish Database'!$A:$A,0)) -> 2.25 | I75: =D75/100*INDEX('Dish Database'!$N:$N,MATCH(C75,'Dish Database'!$A:$A,0)) -> 0 | J75: =D75/100*INDEX('Dish Database'!$O:$O,MATCH(C75,'Dish Database'!$A:$A,0)) -> 13.35 | K75: =D75/100*INDEX('Dish Database'!$P:$P,MATCH(C75,'Dish Database'!$A:$A,0)) -> 33
B76: =INDEX('Dish Database'!$B:$B,MATCH(C76,'Dish Database'!$A:$A,0)) -> Green chutney (mint-coriander) | C76: D495 | D76: 15 | E76: =D76/100*INDEX('Dish Database'!$J:$J,MATCH(C76,'Dish Database'!$A:$A,0)) -> 6.15 | F76: =D76/100*INDEX('Dish Database'!$K:$K,MATCH(C76,'Dish Database'!$A:$A,0)) -> 0.375 | G76: =D76/100*INDEX('Dish Database'!$L:$L,MATCH(C76,'Dish Database'!$A:$A,0)) -> 1.05 | H76: =D76/100*INDEX('Dish Database'!$M:$M,MATCH(C76,'Dish Database'!$A:$A,0)) -> 0.15 | I76: =D76/100*INDEX('Dish Database'!$N:$N,MATCH(C76,'Dish Database'!$A:$A,0)) -> 0.45 | J76: =D76/100*INDEX('Dish Database'!$O:$O,MATCH(C76,'Dish Database'!$A:$A,0)) -> 0.375 | K76: =D76/100*INDEX('Dish Database'!$P:$P,MATCH(C76,'Dish Database'!$A:$A,0)) -> 60
B77: TOTAL | D77: =SUM(D74:D76) -> 235 | E77: =SUM(E74:E76) -> 295.9 | F77: =SUM(F74:F76) -> 6.275 | G77: =SUM(G74:G76) -> 36.8 | H77: =SUM(H74:H76) -> 14.3 | I77: =SUM(I74:I76) -> 2.55 | J77: =SUM(J74:J76) -> 15.125 | K77: =SUM(K74:K76) -> 373
A79: Bread omelette with chai
B80: =INDEX('Dish Database'!$B:$B,MATCH(C80,'Dish Database'!$A:$A,0)) -> Bread omelette | C80: D115 | D80: 180 | E80: =D80/100*INDEX('Dish Database'!$J:$J,MATCH(C80,'Dish Database'!$A:$A,0)) -> 394.92 | F80: =D80/100*INDEX('Dish Database'!$K:$K,MATCH(C80,'Dish Database'!$A:$A,0)) -> 18 | G80: =D80/100*INDEX('Dish Database'!$L:$L,MATCH(C80,'Dish Database'!$A:$A,0)) -> 33.3 | H80: =D80/100*INDEX('Dish Database'!$M:$M,MATCH(C80,'Dish Database'!$A:$A,0)) -> 21.6 | I80: =D80/100*INDEX('Dish Database'!$N:$N,MATCH(C80,'Dish Database'!$A:$A,0)) -> 2.34 | J80: =D80/100*INDEX('Dish Database'!$O:$O,MATCH(C80,'Dish Database'!$A:$A,0)) -> 4.5 | K80: =D80/100*INDEX('Dish Database'!$P:$P,MATCH(C80,'Dish Database'!$A:$A,0)) -> 810
B81: =INDEX('Dish Database'!$B:$B,MATCH(C81,'Dish Database'!$A:$A,0)) -> Masala chai (milk + sugar) | C81: D001 | D81: 150 | E81: =D81/100*INDEX('Dish Database'!$J:$J,MATCH(C81,'Dish Database'!$A:$A,0)) -> 83.25 | F81: =D81/100*INDEX('Dish Database'!$K:$K,MATCH(C81,'Dish Database'!$A:$A,0)) -> 2.4 | G81: =D81/100*INDEX('Dish Database'!$L:$L,MATCH(C81,'Dish Database'!$A:$A,0)) -> 13.35 | H81: =D81/100*INDEX('Dish Database'!$M:$M,MATCH(C81,'Dish Database'!$A:$A,0)) -> 2.25 | I81: =D81/100*INDEX('Dish Database'!$N:$N,MATCH(C81,'Dish Database'!$A:$A,0)) -> 0 | J81: =D81/100*INDEX('Dish Database'!$O:$O,MATCH(C81,'Dish Database'!$A:$A,0)) -> 13.35 | K81: =D81/100*INDEX('Dish Database'!$P:$P,MATCH(C81,'Dish Database'!$A:$A,0)) -> 33
B82: TOTAL | D82: =SUM(D80:D81) -> 330 | E82: =SUM(E80:E81) -> 478.17 | F82: =SUM(F80:F81) -> 20.4 | G82: =SUM(G80:G81) -> 46.65 | H82: =SUM(H80:H81) -> 23.85 | I82: =SUM(I80:I81) -> 2.34 | J82: =SUM(J80:J81) -> 17.85 | K82: =SUM(K80:K81) -> 843
A84: Rajma chawal
B85: =INDEX('Dish Database'!$B:$B,MATCH(C85,'Dish Database'!$A:$A,0)) -> Rajma masala | C85: D240 | D85: 150 | E85: =D85/100*INDEX('Dish Database'!$J:$J,MATCH(C85,'Dish Database'!$A:$A,0)) -> 173.25 | F85: =D85/100*INDEX('Dish Database'!$K:$K,MATCH(C85,'Dish Database'!$A:$A,0)) -> 7.5 | G85: =D85/100*INDEX('Dish Database'!$L:$L,MATCH(C85,'Dish Database'!$A:$A,0)) -> 24 | H85: =D85/100*INDEX('Dish Database'!$M:$M,MATCH(C85,'Dish Database'!$A:$A,0)) -> 6.75 | I85: =D85/100*INDEX('Dish Database'!$N:$N,MATCH(C85,'Dish Database'!$A:$A,0)) -> 6.75 | J85: =D85/100*INDEX('Dish Database'!$O:$O,MATCH(C85,'Dish Database'!$A:$A,0)) -> 2.25 | K85: =D85/100*INDEX('Dish Database'!$P:$P,MATCH(C85,'Dish Database'!$A:$A,0)) -> 525
B86: =INDEX('Dish Database'!$B:$B,MATCH(C86,'Dish Database'!$A:$A,0)) -> Steamed white rice | C86: D199 | D86: 200 | E86: =D86/100*INDEX('Dish Database'!$J:$J,MATCH(C86,'Dish Database'!$A:$A,0)) -> 251 | F86: =D86/100*INDEX('Dish Database'!$K:$K,MATCH(C86,'Dish Database'!$A:$A,0)) -> 5.4 | G86: =D86/100*INDEX('Dish Database'!$L:$L,MATCH(C86,'Dish Database'!$A:$A,0)) -> 56.4 | H86: =D86/100*INDEX('Dish Database'!$M:$M,MATCH(C86,'Dish Database'!$A:$A,0)) -> 0.6 | I86: =D86/100*INDEX('Dish Database'!$N:$N,MATCH(C86,'Dish Database'!$A:$A,0)) -> 0.8 | J86: =D86/100*INDEX('Dish Database'!$O:$O,MATCH(C86,'Dish Database'!$A:$A,0)) -> 0.2 | K86: =D86/100*INDEX('Dish Database'!$P:$P,MATCH(C86,'Dish Database'!$A:$A,0)) -> 2
B87: =INDEX('Dish Database'!$B:$B,MATCH(C87,'Dish Database'!$A:$A,0)) -> Green salad | C87: D487 | D87: 50 | E87: =D87/100*INDEX('Dish Database'!$J:$J,MATCH(C87,'Dish Database'!$A:$A,0)) -> 12.3 | F87: =D87/100*INDEX('Dish Database'!$K:$K,MATCH(C87,'Dish Database'!$A:$A,0)) -> 0.5 | G87: =D87/100*INDEX('Dish Database'!$L:$L,MATCH(C87,'Dish Database'!$A:$A,0)) -> 2.75 | H87: =D87/100*INDEX('Dish Database'!$M:$M,MATCH(C87,'Dish Database'!$A:$A,0)) -> 0.1 | I87: =D87/100*INDEX('Dish Database'!$N:$N,MATCH(C87,'Dish Database'!$A:$A,0)) -> 0.8 | J87: =D87/100*INDEX('Dish Database'!$O:$O,MATCH(C87,'Dish Database'!$A:$A,0)) -> 1.5 | K87: =D87/100*INDEX('Dish Database'!$P:$P,MATCH(C87,'Dish Database'!$A:$A,0)) -> 5
B88: TOTAL | D88: =SUM(D85:D87) -> 400 | E88: =SUM(E85:E87) -> 436.55 | F88: =SUM(F85:F87) -> 13.4 | G88: =SUM(G85:G87) -> 83.15 | H88: =SUM(H85:H87) -> 7.45 | I88: =SUM(I85:I87) -> 8.35 | J88: =SUM(J85:J87) -> 3.95 | K88: =SUM(K85:K87) -> 532
A90: Dal chawal with ghee
B91: =INDEX('Dish Database'!$B:$B,MATCH(C91,'Dish Database'!$A:$A,0)) -> Toor / arhar dal (home, light tadka) | C91: D229 | D91: 150 | E91: =D91/100*INDEX('Dish Database'!$J:$J,MATCH(C91,'Dish Database'!$A:$A,0)) -> 125.4 | F91: =D91/100*INDEX('Dish Database'!$K:$K,MATCH(C91,'Dish Database'!$A:$A,0)) -> 7.2 | G91: =D91/100*INDEX('Dish Database'!$L:$L,MATCH(C91,'Dish Database'!$A:$A,0)) -> 19.5 | H91: =D91/100*INDEX('Dish Database'!$M:$M,MATCH(C91,'Dish Database'!$A:$A,0)) -> 3 | I91: =D91/100*INDEX('Dish Database'!$N:$N,MATCH(C91,'Dish Database'!$A:$A,0)) -> 4.2 | J91: =D91/100*INDEX('Dish Database'!$O:$O,MATCH(C91,'Dish Database'!$A:$A,0)) -> 1.2 | K91: =D91/100*INDEX('Dish Database'!$P:$P,MATCH(C91,'Dish Database'!$A:$A,0)) -> 450
B92: =INDEX('Dish Database'!$B:$B,MATCH(C92,'Dish Database'!$A:$A,0)) -> Steamed white rice | C92: D199 | D92: 200 | E92: =D92/100*INDEX('Dish Database'!$J:$J,MATCH(C92,'Dish Database'!$A:$A,0)) -> 251 | F92: =D92/100*INDEX('Dish Database'!$K:$K,MATCH(C92,'Dish Database'!$A:$A,0)) -> 5.4 | G92: =D92/100*INDEX('Dish Database'!$L:$L,MATCH(C92,'Dish Database'!$A:$A,0)) -> 56.4 | H92: =D92/100*INDEX('Dish Database'!$M:$M,MATCH(C92,'Dish Database'!$A:$A,0)) -> 0.6 | I92: =D92/100*INDEX('Dish Database'!$N:$N,MATCH(C92,'Dish Database'!$A:$A,0)) -> 0.8 | J92: =D92/100*INDEX('Dish Database'!$O:$O,MATCH(C92,'Dish Database'!$A:$A,0)) -> 0.2 | K92: =D92/100*INDEX('Dish Database'!$P:$P,MATCH(C92,'Dish Database'!$A:$A,0)) -> 2
B93: =INDEX('Dish Database'!$B:$B,MATCH(C93,'Dish Database'!$A:$A,0)) -> Ghee | C93: D577 | D93: 5 | E93: =D93/100*INDEX('Dish Database'!$J:$J,MATCH(C93,'Dish Database'!$A:$A,0)) -> 44.91 | F93: =D93/100*INDEX('Dish Database'!$K:$K,MATCH(C93,'Dish Database'!$A:$A,0)) -> 0 | G93: =D93/100*INDEX('Dish Database'!$L:$L,MATCH(C93,'Dish Database'!$A:$A,0)) -> 0 | H93: =D93/100*INDEX('Dish Database'!$M:$M,MATCH(C93,'Dish Database'!$A:$A,0)) -> 4.99 | I93: =D93/100*INDEX('Dish Database'!$N:$N,MATCH(C93,'Dish Database'!$A:$A,0)) -> 0 | J93: =D93/100*INDEX('Dish Database'!$O:$O,MATCH(C93,'Dish Database'!$A:$A,0)) -> 0 | K93: =D93/100*INDEX('Dish Database'!$P:$P,MATCH(C93,'Dish Database'!$A:$A,0)) -> 0.1
B94: TOTAL | D94: =SUM(D91:D93) -> 355 | E94: =SUM(E91:E93) -> 421.31 | F94: =SUM(F91:F93) -> 12.6 | G94: =SUM(G91:G93) -> 75.9 | H94: =SUM(H91:H93) -> 8.59 | I94: =SUM(I91:I93) -> 5 | J94: =SUM(J91:J93) -> 1.4 | K94: =SUM(K91:K93) -> 452.1
A96: Kadhi chawal
B97: =INDEX('Dish Database'!$B:$B,MATCH(C97,'Dish Database'!$A:$A,0)) -> Kadhi pakora (Punjabi) | C97: D246 | D97: 200 | E97: =D97/100*INDEX('Dish Database'!$J:$J,MATCH(C97,'Dish Database'!$A:$A,0)) -> 213 | F97: =D97/100*INDEX('Dish Database'!$K:$K,MATCH(C97,'Dish Database'!$A:$A,0)) -> 7 | G97: =D97/100*INDEX('Dish Database'!$L:$L,MATCH(C97,'Dish Database'!$A:$A,0)) -> 18 | H97: =D97/100*INDEX('Dish Database'!$M:$M,MATCH(C97,'Dish Database'!$A:$A,0)) -> 13 | I97: =D97/100*INDEX('Dish Database'!$N:$N,MATCH(C97,'Dish Database'!$A:$A,0)) -> 2 | J97: =D97/100*INDEX('Dish Database'!$O:$O,MATCH(C97,'Dish Database'!$A:$A,0)) -> 5 | K97: =D97/100*INDEX('Dish Database'!$P:$P,MATCH(C97,'Dish Database'!$A:$A,0)) -> 760
B98: =INDEX('Dish Database'!$B:$B,MATCH(C98,'Dish Database'!$A:$A,0)) -> Steamed white rice | C98: D199 | D98: 200 | E98: =D98/100*INDEX('Dish Database'!$J:$J,MATCH(C98,'Dish Database'!$A:$A,0)) -> 251 | F98: =D98/100*INDEX('Dish Database'!$K:$K,MATCH(C98,'Dish Database'!$A:$A,0)) -> 5.4 | G98: =D98/100*INDEX('Dish Database'!$L:$L,MATCH(C98,'Dish Database'!$A:$A,0)) -> 56.4 | H98: =D98/100*INDEX('Dish Database'!$M:$M,MATCH(C98,'Dish Database'!$A:$A,0)) -> 0.6 | I98: =D98/100*INDEX('Dish Database'!$N:$N,MATCH(C98,'Dish Database'!$A:$A,0)) -> 0.8 | J98: =D98/100*INDEX('Dish Database'!$O:$O,MATCH(C98,'Dish Database'!$A:$A,0)) -> 0.2 | K98: =D98/100*INDEX('Dish Database'!$P:$P,MATCH(C98,'Dish Database'!$A:$A,0)) -> 2
B99: TOTAL | D99: =SUM(D97:D98) -> 400 | E99: =SUM(E97:E98) -> 464 | F99: =SUM(F97:F98) -> 12.4 | G99: =SUM(G97:G98) -> 74.4 | H99: =SUM(H97:H98) -> 13.6 | I99: =SUM(I97:I98) -> 2.8 | J99: =SUM(J97:J98) -> 5.2 | K99: =SUM(K97:K98) -> 762
A101: Curd rice with pickle
B102: =INDEX('Dish Database'!$B:$B,MATCH(C102,'Dish Database'!$A:$A,0)) -> Curd rice | C102: D208 | D102: 250 | E102: =D102/100*INDEX('Dish Database'!$J:$J,MATCH(C102,'Dish Database'!$A:$A,0)) -> 296.75 | F102: =D102/100*INDEX('Dish Database'!$K:$K,MATCH(C102,'Dish Database'!$A:$A,0)) -> 7.5 | G102: =D102/100*INDEX('Dish Database'!$L:$L,MATCH(C102,'Dish Database'!$A:$A,0)) -> 47.5 | H102: =D102/100*INDEX('Dish Database'!$M:$M,MATCH(C102,'Dish Database'!$A:$A,0)) -> 8.75 | I102: =D102/100*INDEX('Dish Database'!$N:$N,MATCH(C102,'Dish Database'!$A:$A,0)) -> 1 | J102: =D102/100*INDEX('Dish Database'!$O:$O,MATCH(C102,'Dish Database'!$A:$A,0)) -> 3.75 | K102: =D102/100*INDEX('Dish Database'!$P:$P,MATCH(C102,'Dish Database'!$A:$A,0)) -> 700
B103: =INDEX('Dish Database'!$B:$B,MATCH(C103,'Dish Database'!$A:$A,0)) -> Mango pickle (in oil) | C103: D499 | D103: 10 | E103: =D103/100*INDEX('Dish Database'!$J:$J,MATCH(C103,'Dish Database'!$A:$A,0)) -> 16.6 | F103: =D103/100*INDEX('Dish Database'!$K:$K,MATCH(C103,'Dish Database'!$A:$A,0)) -> 0.1 | G103: =D103/100*INDEX('Dish Database'!$L:$L,MATCH(C103,'Dish Database'!$A:$A,0)) -> 0.8 | H103: =D103/100*INDEX('Dish Database'!$M:$M,MATCH(C103,'Dish Database'!$A:$A,0)) -> 1.5 | I103: =D103/100*INDEX('Dish Database'!$N:$N,MATCH(C103,'Dish Database'!$A:$A,0)) -> 0.25 | J103: =D103/100*INDEX('Dish Database'!$O:$O,MATCH(C103,'Dish Database'!$A:$A,0)) -> 0.15 | K103: =D103/100*INDEX('Dish Database'!$P:$P,MATCH(C103,'Dish Database'!$A:$A,0)) -> 260
B104: TOTAL | D104: =SUM(D102:D103) -> 260 | E104: =SUM(E102:E103) -> 313.35 | F104: =SUM(F102:F103) -> 7.6 | G104: =SUM(G102:G103) -> 48.3 | H104: =SUM(H102:H103) -> 10.25 | I104: =SUM(I102:I103) -> 1.25 | J104: =SUM(J102:J103) -> 3.9 | K104: =SUM(K102:K103) -> 960
A106: Sarson da saag & makki di roti (2)
B107: =INDEX('Dish Database'!$B:$B,MATCH(C107,'Dish Database'!$A:$A,0)) -> Sarson ka saag | C107: D279 | D107: 200 | E107: =D107/100*INDEX('Dish Database'!$J:$J,MATCH(C107,'Dish Database'!$A:$A,0)) -> 176 | F107: =D107/100*INDEX('Dish Database'!$K:$K,MATCH(C107,'Dish Database'!$A:$A,0)) -> 6 | G107: =D107/100*INDEX('Dish Database'!$L:$L,MATCH(C107,'Dish Database'!$A:$A,0)) -> 14 | H107: =D107/100*INDEX('Dish Database'!$M:$M,MATCH(C107,'Dish Database'!$A:$A,0)) -> 12 | I107: =D107/100*INDEX('Dish Database'!$N:$N,MATCH(C107,'Dish Database'!$A:$A,0)) -> 6 | J107: =D107/100*INDEX('Dish Database'!$O:$O,MATCH(C107,'Dish Database'!$A:$A,0)) -> 3 | K107: =D107/100*INDEX('Dish Database'!$P:$P,MATCH(C107,'Dish Database'!$A:$A,0)) -> 700
B108: =INDEX('Dish Database'!$B:$B,MATCH(C108,'Dish Database'!$A:$A,0)) -> Makki di roti (with ghee) | C108: D187 | D108: 140 | E108: =D108/100*INDEX('Dish Database'!$J:$J,MATCH(C108,'Dish Database'!$A:$A,0)) -> 401.8 | F108: =D108/100*INDEX('Dish Database'!$K:$K,MATCH(C108,'Dish Database'!$A:$A,0)) -> 9.1 | G108: =D108/100*INDEX('Dish Database'!$L:$L,MATCH(C108,'Dish Database'!$A:$A,0)) -> 67.2 | H108: =D108/100*INDEX('Dish Database'!$M:$M,MATCH(C108,'Dish Database'!$A:$A,0)) -> 12.6 | I108: =D108/100*INDEX('Dish Database'!$N:$N,MATCH(C108,'Dish Database'!$A:$A,0)) -> 8.4 | J108: =D108/100*INDEX('Dish Database'!$O:$O,MATCH(C108,'Dish Database'!$A:$A,0)) -> 1.4 | K108: =D108/100*INDEX('Dish Database'!$P:$P,MATCH(C108,'Dish Database'!$A:$A,0)) -> 280
B109: =INDEX('Dish Database'!$B:$B,MATCH(C109,'Dish Database'!$A:$A,0)) -> Butter (salted) | C109: D579 | D109: 10 | E109: =D109/100*INDEX('Dish Database'!$J:$J,MATCH(C109,'Dish Database'!$A:$A,0)) -> 73.3 | F109: =D109/100*INDEX('Dish Database'!$K:$K,MATCH(C109,'Dish Database'!$A:$A,0)) -> 0.09 | G109: =D109/100*INDEX('Dish Database'!$L:$L,MATCH(C109,'Dish Database'!$A:$A,0)) -> 0.01 | H109: =D109/100*INDEX('Dish Database'!$M:$M,MATCH(C109,'Dish Database'!$A:$A,0)) -> 8.1 | I109: =D109/100*INDEX('Dish Database'!$N:$N,MATCH(C109,'Dish Database'!$A:$A,0)) -> 0 | J109: =D109/100*INDEX('Dish Database'!$O:$O,MATCH(C109,'Dish Database'!$A:$A,0)) -> 0.01 | K109: =D109/100*INDEX('Dish Database'!$P:$P,MATCH(C109,'Dish Database'!$A:$A,0)) -> 58
B110: =INDEX('Dish Database'!$B:$B,MATCH(C110,'Dish Database'!$A:$A,0)) -> Jaggery | C110: D581 | D110: 10 | E110: =D110/100*INDEX('Dish Database'!$J:$J,MATCH(C110,'Dish Database'!$A:$A,0)) -> 38.25 | F110: =D110/100*INDEX('Dish Database'!$K:$K,MATCH(C110,'Dish Database'!$A:$A,0)) -> 0.04 | G110: =D110/100*INDEX('Dish Database'!$L:$L,MATCH(C110,'Dish Database'!$A:$A,0)) -> 9.5 | H110: =D110/100*INDEX('Dish Database'!$M:$M,MATCH(C110,'Dish Database'!$A:$A,0)) -> 0.01 | I110: =D110/100*INDEX('Dish Database'!$N:$N,MATCH(C110,'Dish Database'!$A:$A,0)) -> 0 | J110: =D110/100*INDEX('Dish Database'!$O:$O,MATCH(C110,'Dish Database'!$A:$A,0)) -> 8.5 | K110: =D110/100*INDEX('Dish Database'!$P:$P,MATCH(C110,'Dish Database'!$A:$A,0)) -> 3
B111: TOTAL | D111: =SUM(D107:D110) -> 360 | E111: =SUM(E107:E110) -> 689.35 | F111: =SUM(F107:F110) -> 15.23 | G111: =SUM(G107:G110) -> 90.71 | H111: =SUM(H107:H110) -> 32.71 | I111: =SUM(I107:I110) -> 14.4 | J111: =SUM(J107:J110) -> 12.91 | K111: =SUM(K107:K110) -> 1041
A113: Dal baati churma (2 baati)
B114: =INDEX('Dish Database'!$B:$B,MATCH(C114,'Dish Database'!$A:$A,0)) -> Mixed dal / Panchmel dal | C114: D237 | D114: 150 | E114: =D114/100*INDEX('Dish Database'!$J:$J,MATCH(C114,'Dish Database'!$A:$A,0)) -> 154.65 | F114: =D114/100*INDEX('Dish Database'!$K:$K,MATCH(C114,'Dish Database'!$A:$A,0)) -> 8.25 | G114: =D114/100*INDEX('Dish Database'!$L:$L,MATCH(C114,'Dish Database'!$A:$A,0)) -> 21 | H114: =D114/100*INDEX('Dish Database'!$M:$M,MATCH(C114,'Dish Database'!$A:$A,0)) -> 5.25 | I114: =D114/100*INDEX('Dish Database'!$N:$N,MATCH(C114,'Dish Database'!$A:$A,0)) -> 4.8 | J114: =D114/100*INDEX('Dish Database'!$O:$O,MATCH(C114,'Dish Database'!$A:$A,0)) -> 1.5 | K114: =D114/100*INDEX('Dish Database'!$P:$P,MATCH(C114,'Dish Database'!$A:$A,0)) -> 480
B115: =INDEX('Dish Database'!$B:$B,MATCH(C115,'Dish Database'!$A:$A,0)) -> Baati (ghee-dipped) | C115: D194 | D115: 160 | E115: =D115/100*INDEX('Dish Database'!$J:$J,MATCH(C115,'Dish Database'!$A:$A,0)) -> 612.8 | F115: =D115/100*INDEX('Dish Database'!$K:$K,MATCH(C115,'Dish Database'!$A:$A,0)) -> 12.8 | G115: =D115/100*INDEX('Dish Database'!$L:$L,MATCH(C115,'Dish Database'!$A:$A,0)) -> 80 | H115: =D115/100*INDEX('Dish Database'!$M:$M,MATCH(C115,'Dish Database'!$A:$A,0)) -> 28.8 | I115: =D115/100*INDEX('Dish Database'!$N:$N,MATCH(C115,'Dish Database'!$A:$A,0)) -> 8.8 | J115: =D115/100*INDEX('Dish Database'!$O:$O,MATCH(C115,'Dish Database'!$A:$A,0)) -> 1.6 | K115: =D115/100*INDEX('Dish Database'!$P:$P,MATCH(C115,'Dish Database'!$A:$A,0)) -> 480
B116: =INDEX('Dish Database'!$B:$B,MATCH(C116,'Dish Database'!$A:$A,0)) -> Churma | C116: D542 | D116: 50 | E116: =D116/100*INDEX('Dish Database'!$J:$J,MATCH(C116,'Dish Database'!$A:$A,0)) -> 218 | F116: =D116/100*INDEX('Dish Database'!$K:$K,MATCH(C116,'Dish Database'!$A:$A,0)) -> 3.25 | G116: =D116/100*INDEX('Dish Database'!$L:$L,MATCH(C116,'Dish Database'!$A:$A,0)) -> 27.5 | H116: =D116/100*INDEX('Dish Database'!$M:$M,MATCH(C116,'Dish Database'!$A:$A,0)) -> 11 | I116: =D116/100*INDEX('Dish Database'!$N:$N,MATCH(C116,'Dish Database'!$A:$A,0)) -> 2 | J116: =D116/100*INDEX('Dish Database'!$O:$O,MATCH(C116,'Dish Database'!$A:$A,0)) -> 12.5 | K116: =D116/100*INDEX('Dish Database'!$P:$P,MATCH(C116,'Dish Database'!$A:$A,0)) -> 10
B117: TOTAL | D117: =SUM(D114:D116) -> 360 | E117: =SUM(E114:E116) -> 985.45 | F117: =SUM(F114:F116) -> 24.3 | G117: =SUM(G114:G116) -> 128.5 | H117: =SUM(H114:H116) -> 45.05 | I117: =SUM(I114:I116) -> 15.6 | J117: =SUM(J114:J116) -> 15.6 | K117: =SUM(K114:K116) -> 970
A119: Litti chokha (2 litti)
B120: =INDEX('Dish Database'!$B:$B,MATCH(C120,'Dish Database'!$A:$A,0)) -> Litti (baked, ghee-dipped) | C120: D124 | D120: 150 | E120: =D120/100*INDEX('Dish Database'!$J:$J,MATCH(C120,'Dish Database'!$A:$A,0)) -> 438 | F120: =D120/100*INDEX('Dish Database'!$K:$K,MATCH(C120,'Dish Database'!$A:$A,0)) -> 13.5 | G120: =D120/100*INDEX('Dish Database'!$L:$L,MATCH(C120,'Dish Database'!$A:$A,0)) -> 67.5 | H120: =D120/100*INDEX('Dish Database'!$M:$M,MATCH(C120,'Dish Database'!$A:$A,0)) -> 15 | I120: =D120/100*INDEX('Dish Database'!$N:$N,MATCH(C120,'Dish Database'!$A:$A,0)) -> 10.5 | J120: =D120/100*INDEX('Dish Database'!$O:$O,MATCH(C120,'Dish Database'!$A:$A,0)) -> 2.25 | K120: =D120/100*INDEX('Dish Database'!$P:$P,MATCH(C120,'Dish Database'!$A:$A,0)) -> 450
...

Sheet Portion Guide
A1: Portion scheme | B1: Used for | C1: Small | D1: Medium | E1: Large | F1: Half plate (restaurant) | G1: Full plate (restaurant)
A2: curry | B2: Dal, gravies, curries | C2: 100 - Small katori (100 ml) | D2: 150 - 1 standard katori (150 ml) | E2: 200 - Large bowl (200 ml) | F2: 250 - Restaurant half (~1 person) | G2: 500 - Restaurant full (~2 persons)
A3: dry | B3: Dry sabzi, sukka/fry | C3: 75 - ½ katori | D3: 100 - ¾ katori (1 serving) | E3: 150 - 1 katori heaped | F3: 200 - Restaurant half | G3: 400 - Restaurant full
A4: rice | B4: Plain/brown rice | C4: 100 - ½ cup cooked | D4: 150 - 1 katori / 1 cup | E4: 200 - 1½ cups | F4: 250 - Restaurant half | G4: 450 - Restaurant full
A5: mixed_rice | B5: Pulao, flavoured rice, khichdi, fried rice | C5: 150 - Small plate | D5: 250 - 1 plate (home) | E5: 350 - Large plate | F5: 300 - Restaurant half | G5: 550 - Restaurant full
A6: biryani | B6: Biryani, meat pulao | C6: 200 - Small plate | D6: 300 - 1 plate | E6: 400 - Large plate | F6: 350 - Restaurant half | G6: 650 - Restaurant full
A7: noodles | B7: Noodles, chopsuey | C7: 150 - Small plate | D7: 250 - 1 plate | E7: 350 - Large plate | F7: 250 - Restaurant half | G7: 450 - Restaurant full
A8: bfast | B8: Poha, upma, pongal, daliya, sabudana khichdi | C8: 100 - Small plate | D8: 175 - 1 plate | E8: 250 - Large plate
A9: starter | B9: Tikka, 65, manchurian, kebab plates | C9: 100 - ~4 pieces | D9: 150 - ~6 pieces | E9: 200 - ~8 pieces | F9: 180 - Restaurant half | G9: 350 - Restaurant full
A10: chaat | B10: Chaat & bhel plates | C10: 100 - Small plate | D10: 150 - 1 plate | E10: 200 - Large plate
A11: soup | B11: Soups, rasam, thukpa | C11: 150 - Small cup (150 ml) | D11: 250 - 1 soup bowl (250 ml) | E11: 350 - Large bowl (350 ml)
A12: tea | B12: Tea & coffee | C12: 75 - Cutting / small cup (75 ml) | D12: 150 - 1 cup (150 ml) | E12: 250 - Mug (250 ml)
A13: glass | B13: Juices, shakes, lassi | C13: 200 - Small glass (200 ml) | D13: 300 - Regular glass (300 ml) | E13: 400 - Large / tall glass (400 ml)
A14: glass_light | B14: Chaas, nimbu pani, sharbat | C14: 150 - Small glass (150 ml) | D14: 250 - 1 glass (250 ml) | E14: 350 - Large glass (350 ml)
A15: milk | B15: Milk & milk drinks | C15: 150 - Small glass (150 ml) | D15: 200 - 1 glass (200 ml) | E15: 300 - Large glass (300 ml)
A16: coconut | B16: Tender coconut water | C16: 200 - Small coconut (~200 ml) | D16: 300 - Medium coconut (~300 ml) | E16: 400 - Large coconut (~400 ml)
A17: shot | B17: Wheatgrass/amla/karela shots | C17: 30 - 1 shot (30 ml) | D17: 60 - Double shot (60 ml) | E17: 100 - Small glass (100 ml)
A18: raita | B18: Raita | C18: 50 - 2-3 tbsp | D18: 100 - Small katori | E18: 150 - 1 katori
A19: salad | B19: Salads | C19: 50 - Side portion | D19: 100 - Small bowl | E19: 150 - 1 bowl
A20: curd | B20: Curd / dahi | C20: 100 - Small katori | D20: 150 - 1 katori | E20: 200 - Large bowl
A21: chutney | B21: Wet chutneys | C21: 15 - 1 tbsp | D21: 30 - 2 tbsp | E21: 50 - Small katori
... A29: icecream | B29: Ice cream | C29: 50 - 1 small scoop | D29: 75 - 1 regular scoop | E29: 100 - 1 large scoop / cup
A31: Piece-based items (roti, dosa, idli, samosa, sweets, etc.) use per-piece sizes: Small / Medium / Large = weight of ONE piece of that size. Multiply by the number of pieces eaten.
A32: 1 standard katori = 150 ml (small 100 ml, large 200 ml). 1 tsp = 5 g, 1 tbsp = 15 g.
A33: Half / Full plate sizes are typical Indian restaurant / dhaba portions (half ~1 person, full ~2 persons). Actual restaurant portions vary a lot - weigh once if you can.
A34: Weights are as served. For bone-in meat, use the edible (boneless) weight.

Sheet INDB Full Nutrients
A1: INDB code | B1: Recipe name | C1: INDB serving unit | D1: Energy (kcal) | E1: Protein (g) | F1: Available carbs (g) | G1: Fat (g) | H1: Fibre (g) | I1: Free sugar (g) | J1: Saturated fat (g) | K1: MUFA (g) | L1: PUFA (g) | M1: Cholesterol (mg) | N1: Sodium (mg) | O1: Potassium (mg) | P1: Calcium (mg) | Q1: Phosphorus (mg) | R1: Magnesium (mg) | S1: Iron (mg) | T1: Zinc (mg) | U1: Copper (mg) | V1: Selenium (µg) | W1: Manganese (mg) | X1: Vitamin A (µg) | Y1: Carotenoids (µg) | Z1: Vitamin E (mg) | AA1: Vitamin K1 (µg) | AB1: Vitamin C (mg) | AC1: Thiamin B1 (mg) | AD1: Riboflavin B2 (mg) | AE1: Niacin B3 (mg) | AF1: Pantothenic B5 (mg) | AG1: Vitamin B6 (mg) | AH1: Biotin B7 (µg) | AI1: Folate (µg) | AJ1: Derived serving weight (g) | AK1: kcal per INDB serving | AL1: QC flag (added by this workbook)
A2: ASC001 | B2: Hot tea (Garam Chai) | C2: tea cup | D2: 16.144299 | E2: 0.38788599 | F2: 2.5819476 | G2: 0.53206652 | H2: 0 | I2: 2.5760095 | J2: 0.32149643 | K2: 0.14418053 | L2: 0.016389549 | M2: 0 | N2: 3.1187646 | O2: 13.945368 | P2: 14.204275 | Q2: 11.501187 | R2: 1.0356294 | S2: 0.021615203 | T2: 0.041092638 | U2: 0.0059144893 | V2: 0.1128266 | W2: 0.002256532 | X2: 0 | Y2: 23.75297 | Z2: 0.026128266 | AA2: 0.0019239906 | AB2: 0.23871733 | AC2: 0.0035629452 | AD2: 0.013206651 | AE2: 0.0095011871 | AF2: 0.040665083 | AG2: 0.0047505936 | AH2: 0.24228029 | AI2: 0.85629457 | AJ2: 210.5 | AK2: 34
A3: ASC002 | B3: Instant coffee | C3: tea cup | D3: 23.155832 | E3: 0.64066666 | F3: 3.6533334 | G3: 0.74666667 | H3: 0 | I3: 3.615 | J3: 0.45116666 | K3: 0.20233333 | L3: 0.023 | M3: 0 | N3: 4.9166665 | O3: 44.5 | P3: 20.866667 | Q3: 18.186666 | R3: 3.6333332 | S3: 0.060999997 | T3: 0.064999998 | U3: 0.012333333 | V3: 0.21833333 | W3: 0.015666667 | X3: 0 | Y3: 33.333332 | Z3: 0.036666669 | AA3: 0.028666666 | AB3: 0.33500001 | AC3: 0.0052666669 | AD3: 0.019733334 | AE3: 0.17866667 | AF3: 0.056666665 | AG3: 0.0067999996 | AH3: 0.77666664 | AI3: 1.245 | AJ3: 450 | AK3: 104.2
A4: ASC003 | B4: Espreso coffee | C4: tea cup | D4: 51.543373 | E4: 1.7470031 | F4: 6.6205049 | G4: 2.1381702 | H4: 0 | I4: 6.5337539 | J4: 1.2916719 | K4: 0.58015771 | L4: 0.066214508 | M4: 0 | N4: 13.977918 | O4: 103.86435 | P4: 58.104099 | Q4: 50.24921 | R4: 8.5741329 | S4: 0.14763407 | T4: 0.19148265 | U4: 0.038201895 | V4: 0.56309146 | W4: 0.034384858 | X4: 0 | Y4: 94.637222 | Z4: 0.10539433 | AA4: 0.054258678 | AB4: 0.9511041 | AC4: 0.014763407 | AD4: 0.054889593 | AE4: 0.35268137 | AF4: 0.16182965 | AG4: 0.019211356 | AH4: 1.8107256 | AI4: 3.4873817 | AJ4: 158.5 | AK4: 81.7
A5: ASC004 | B5: Iced tea | C5: tall glass | D5: 10.342188 | E5: 0.027968749 | F5: 2.7015624 | G5: 0.0109375 | H5: 0 | I5: 2.7015624 | J5: 0.00546875 | K5: 0 | L5: 0.00546875 | M5: 0 | N5: 0.234375 | O5: 5.2156248 | P5: 1.1796875 | Q5: 0.58437502 | R5: 0.39062497 | S5: 0.02140625 | T5: 0.0079687499 | U5: 0.0030625002 | V5: 0.0546875 | W5: 0.00093750004 | X5: 0 | Y5: 0.21875 | Z5: 0 | AA5: 0.0016875 | AB5: 1.859375 | AC5: 0.0016406249 | AD5: 0.00067187502 | AE5: 0.0054687499 | AF5: 0.0068124998 | AG5: 0.002734375 | AH5: 0.0062499996 | AI5: 0.40156251 | AJ5: 320 | AK5: 33.1
A6: ASC005 | B6: Raw mango drink (Aam panna) | C6: tall glass | D6: 35.918221 | E6: 0.15703446 | F6: 9.0474672 | G6: 0.026340783 | H6: 0.61202514 | I6: 7.4908471 | J6: 0.0061382685 | K6: 0.0058881936 | L6: 0.0094306326 | M6: 0 | N6: 79.824974 | O6: 31.45298 | P6: 7.0777469 | Q6: 3.3351955 | R6: 4.2486033 | S6: 0.1354609 | T6: 0.029017691 | U6: 0.025819367 | V6: 0.047700185 | W6: 0.052229982 | X6: 0 | Y6: 167.18622 | Z6: 0.17245811 | AA6: 3.4436686 | AB6: 16.872105 | AC6: 0.0040689013 | AD6: 0.0045344504 | AE6: 0.052905027 | AF6: 0.025716946 | AG6: 0.025148975 | AH6: 0.27298418 | AI6: 5.2335567 | AJ6: 268.5 | AK6: 96.4
A7: ASC006 | B7: Fruit Punch (with fresh juices) | C7: tall glass | D7: 36.116844 | E7: 0.13934894 | F7: 9.3805914 | G7: 0.032502044 | H7: 0.060054932 | I7: 9.2456379 | J7: 0.006206656 | K7: 0.0013017352 | L7: 0.010082026 | M7: 0 | N7: 2.6321383 | O7: 33.432812 | P7: 5.0680094 | Q7: 10.242497 | R7: 3.1966712 | S7: 0.10197856 | T7: 0.022566067 | U7: 0.0098009501 | V7: 0.030541854 | W7: 0.12604371 | X7: 0 | Y7: 45.534946 | Z7: 0.046497099 | AA7: 0.56127203 | AB7: 7.6127748 | AC7: 0.016708553 | AD7: 0.0043049776 | AE7: 0.040735025 | AF7: 0.043319281 | AG7: 0.014121359 | AH7: 0.15240616 | AI7: 4.5140767 | AJ7: 544.3 | AK7: 196.6
A8: ASC007 | B8: Fruit Punch (with squashes) | C8: tall glass | D8: 23.128283 | E8: 0.07234481 | F8: 5.9898558 | G8: 0.016838526 | H8: 0.16822615 | I8: 5.8834391 | J8: 0.0052300458 | K8: 0.0016314099 | L8: 0.0070736918 | M8: 0 | N8: 2.2574801 | O8: 16.649895 | P8: 3.300874 | Q8: 9.2650671 | R8: 1.8843358 | S8: 0.061472453 | T8: 0.01189953 | U8: 0.007000308 | V8: 0.035449006 | W8: 0.081855878 | X8: 0 | Y8: 55.686237 | Z8: 0.027961459 | AA8: 0.65234125 | AB8: 2.9994929 | AC8: 0.0046636569 | AD8: 0.0024229619 | AE8: 0.01794525 | AF8: 0.016467033 | AG8: 0.0084356694 | AH8: 0.078176737 | AI8: 1.8158938 | AJ8: 502.8 | AK8: 116.3
A9: ASC008 | B9: Lemonade | C9: glass | D9: 20.798983 | E9: 0.034817468 | F9: 5.4785681 | G9: 0.010450967 | H9: 0.01686471 | I9: 5.4719539 | J9: 0.0046528273 | K9: 3.7881177e-05 | L9: 0.0053027916 | M9: 0 | N9: 28.523607 | O9: 5.7301359 | P9: 1.8396564 | Q9: 0.66857553 | R9: 0.73013604 | S9: 0.047916967 | T9: 0.01166786 | U9: 0.0073013604 | V9: 0.073843956 | W9: 0.003035075 | X9: 0 | Y9: 53.695057 | Z9: 0.0013171082 | AA9: 0.46957767 | AB9: 1.5094059 | AC9: 0.0013457409 | AD9: 0.00097351469 | AE9: 0.0064137438 | AF9: 0.0061274157 | AG9: 0.0026342161 | AH9: 0.0063278452 | AI9: 0.60415173 | AJ9: 349.3 | AK9: 72.6
A10: ASC009 | B10: Lem-o-gin | C10: glass | D10: 21.517365 | E10: 0.080756836 | F10: 5.5519691 | G10: 0.02810091 | H10: 0.12919411 | I10: 5.3844566 | J10: 0.0094113531 | K10: 0.0014660267 | L10: 0.013201121 | M10: 0 | N10: 28.134815 | O10: 14.166082 | P10: 2.1978977 | Q10: 1.5871058 | R10: 1.8639103 | S10: 0.086853541 | T10: 0.019621583 | U10: 0.0098808687 | V10: 0.072291523 | W10: 0.083910301 | X10: 0 | Y10: 59.48283 | Z10: 0.0080168182 | AA10: 0.9968465 | AB10: 1.5918289 | AC10: 0.0021583741 | AD10: 0.0017939734 | AE10: 0.01510862 | AF10: 0.011044148 | AG10: 0.0067834617 | AH10: 0.02868956 | AI10: 0.81892079 | AJ10: 356.8 | AK10: 76.8
A11: ASC010 | B11: Cumin infused water (Jeere/Zeere ka pani) | C11: glass | D11: 9.0898066 | E11: 0.16951679 | F11: 1.8643821 | G11: 0.11049059 | H11: 0.46353376 | I11: 1.4616009 | J11: 0.01450107 | K11: 0.040036457 | L11: 0.033527847 | M11: 0 | N11: 189.59512 | O11: 32.151237 | P11: 10.843822 | Q11: 4.4720769 | R11: 5.280118 | S11: 0.31502029 | T11: 0.042736996 | U11: 0.017484324 | V11: 0.12945038 | W11: 0.23341203 | X11: 0 | Y11: 64.093689 | Z11: 0.013493177 | AA11: 1.76872 | AB11: 1.0662781 | AC11: 0.0096643306 | AD11: 0.0032976761 | AE11: 0.049007747 | AF11: 0.01094799 | AG11: 0.0065953522 | AH11: 0.034798969 | AI11: 0.92672074 | AJ11: 338.9 | AK11: 30.8
A12: ASC011 | B12: Coco pine cooler | C12: tall glass | D12: 32.74876 | E12: 0.55505323 | F12: 5.7176862 | G12: 0.99998146 | H12: 0.25724664 | I12: 5.5234427 | J12: 0.62731152 | K12: 0.24896104 | L12: 0.041498638 | M12: 3.4012032 | N12: 23.195814 | O12: 66.649933 | P12: 17.810402 | Q12: 13.468816 | R12: 6.5913143 | S12: 0.12576585 | T12: 0.069111526 | U12: 0.01422721 | V12: 0.30512726 | W12: 0.13448866 | X12: 10.527534 | Y12: 96.553322 | Z12: 0.067526609 | AA12: 0.84377605 | AB12: 2.468739 | AC12: 0.025393335 | AD12: 0.043061085 | AE12: 0.054775566 | AF12: 0.14250578 | AG12: 0.018373439 | AH12: 0.29131189 | AI12: 2.9245188 | AJ12: 432.2 | AK12: 141.5
A13: ASC012 | B13: Summer cooler | C13: tall glass | D13: 22.428831 | E13: 0.37390369 | F13: 5.4316306 | G13: 0.035400074 | H13: 0.19671613 | I13: 5.2122359 | J13: 0.010713339 | K13: 0.0018733072 | L13: 0.016846844 | M13: 0 | N13: 1.5734643 | O13: 93.063156 | P13: 8.1298685 | Q13: 11.456046 | R13: 7.6234093 | S13: 0.27676386 | T13: 0.04293333 | U13: 0.0082800305 | V13: 0.16870174 | W13: 0.15695831 | X13: 0 | Y13: 219.74718 | Z13: 0.15435086 | AA13: 2.311614 | AB13: 20.922541 | AC13: 0.034632675 | AD13: 0.012597339 | AE13: 0.10748231 | AF13: 0.12299034 | AG13: 0.028821817 | AH13: 0.45404157 | AI13: 12.916915 | AJ13: 494.7 | AK13: 110.9
... A69: ASC070 | B69: Chicken stock | C69: cup | D69: 29.880198 | E69: 3.686461 | F69: 0.36780158 | G69: 1.5104802 | H69: 0.10351111 | I69: 0.19571751 | J69: 0.13933669 | K69: 0.16721706 | L69: 0.066508842 | M69: 10.232411 | N69: 58.579918 | O69: 56.117168 | P69: 3.5696237 | Q69: 30.822582 | R69: 4.2505651 | S69: 0.1834752 | T69: 0.14423461 | U69: 0.050043888 | V69: 3.1052203 | W69: 0.020654343 | X69: 1.1570687 | Y69: 6.411757 | Z69: 0.050718181 | AA69: 0.2633329 | AB69: 0.2224365 | AC69: 0.017999735 | AD69: 0.010590505 | AE69: 1.3528727 | AF69: 0.20135656 | AG69: 0.091614582 | AH69: 0.77236998 | AI69: 2.7103937 | AJ69: 375.9 | AK69: 112.3
A70: ASC079 | B70: Clear tomato soup (Tamatar ka soup) | C70: soup bowl | D70: 80.074089 | E70: 4.7930093 | F70: 3.4506853 | G70: 12.224909 | H70: 1.9637873 | I70: 1.4366906 | J70: 0.85147217 | K70: 1.4139976 | L70: 4.3824844 | M70: 0 | N70: 5135.7422 | O70: 232.94669 | P70: 29.046021 | Q70: 50.311832 | R70: 22.386017 | S70: 1.1444926 | T70: 0.23168616 | U70: 0.054993086 | V70: 0.20636865 | W70: 0.23236515 | X70: 0 | Y70: 3417.4695 | Z70: 3.4712121 | AA70: 14.324281 | AB70: 13.369043 | AC70: 0.028540174 | AD70: 0.014197158 | AE70: 0.32280272 | AF70: 0.12255753 | AG70: 0.053369798 | AH70: 0.76590598 | AI70: 11.043034 | AJ70: 397.6 | AK70: 318.4 | AL70: Energy inconsistent with macros
A71: ASC080 | B71: Lentil soup | C71: soup bowl | D71: 31.166239 | E71: 9.6534252 | F71: 3.9445832 | G71: 11.678778 | H71: 2.5739505 | I71: 1.0551661 | J71: 0.56830597 | K71: 0.23182713 | L71: 0.10995486 | M71: 2.1889372 | N71: 10418.843 | O71: 350.25516 | P71: 40.568329 | Q71: 96.891243 | R71: 36.61179 | S71: 2.259299 | T71: 0.46797189 | U71: 0.097399734 | V71: 1.987334 | W71: 0.35369962 | X71: 9.8450785 | Y71: 2080.8918 | Z71: 0.093814969 | AA71: 8.170186 | AB71: 4.5998816 | AC71: 0.026712226 | AD71: 0.015392441 | AE71: 0.19581892 | AF71: 0.13636976 | AG71: 0.041404825 | AH71: 0.56484109 | AI71: 8.9724598 | AJ71: 389.2 | AK71: 121.3 | AL71: Energy inconsistent with macros
